file,line,type,commit,author,date,time,timezone,datetime,depth,length
style.css,1,css,6fe8f723,realmabg,2025-10-17,23:27:41,-07:00,2025-10-17T23:27:41-07:00,0,4
style.css,2,css,6fe8f723,realmabg,2025-10-17,23:27:41,-07:00,2025-10-17T23:27:41-07:00,1,23
style.css,3,css,6fe8f723,realmabg,2025-10-17,23:27:41,-07:00,2025-10-17T23:27:41-07:00,1,17
style.css,4,css,6fe8f723,realmabg,2025-10-17,23:27:41,-07:00,2025-10-17T23:27:41-07:00,1,16
style.css,5,css,6fe8f723,realmabg,2025-10-17,23:27:41,-07:00,2025-10-17T23:27:41-07:00,0,0
style.css,6,css,6fe8f723,realmabg,2025-10-17,23:27:41,-07:00,2025-10-17T23:27:41-07:00,0,0
style.css,7,css,6fe8f723,realmabg,2025-10-17,23:27:41,-07:00,2025-10-17T23:27:41-07:00,0,0
style.css,8,css,b1e110e9,realmabg,2025-10-11,20:59:51,-07:00,2025-10-11T20:59:51-07:00,0,5
style.css,9,css,b1e110e9,realmabg,2025-10-11,20:59:51,-07:00,2025-10-11T20:59:51-07:00,1,44
style.css,10,css,b1e110e9,realmabg,2025-10-11,20:59:51,-07:00,2025-10-11T20:59:51-07:00,1,32
style.css,11,css,b1e110e9,realmabg,2025-10-11,20:59:51,-07:00,2025-10-11T20:59:51-07:00,0,0
style.css,12,css,b1e110e9,realmabg,2025-10-11,20:59:51,-07:00,2025-10-11T20:59:51-07:00,0,0
style.css,13,css,b80df55f,realmabg,2025-10-02,18:37:34,-07:00,2025-10-02T18:37:34-07:00,0,4
style.css,14,css,b80df55f,realmabg,2025-10-02,18:37:34,-07:00,2025-10-02T18:37:34-07:00,1,23
style.css,15,css,ba0a82e6,realmabg,2025-10-11,20:14:19,-07:00,2025-10-11T20:14:19-07:00,1,15
style.css,16,css,ba0a82e6,realmabg,2025-10-11,20:14:19,-07:00,2025-10-11T20:14:19-07:00,1,42
style.css,17,css,6fe8f723,realmabg,2025-10-17,23:27:41,-07:00,2025-10-17T23:27:41-07:00,1,17
style.css,18,css,6fe8f723,realmabg,2025-10-17,23:27:41,-07:00,2025-10-17T23:27:41-07:00,1,16
style.css,19,css,6fe8f723,realmabg,2025-10-17,23:27:41,-07:00,2025-10-17T23:27:41-07:00,1,16
style.css,20,css,ba0a82e6,realmabg,2025-10-11,20:14:19,-07:00,2025-10-11T20:14:19-07:00,0,0
style.css,21,css,ba0a82e6,realmabg,2025-10-11,20:14:19,-07:00,2025-10-11T20:14:19-07:00,0,0
style.css,22,css,b1e110e9,realmabg,2025-10-11,20:59:51,-07:00,2025-10-11T20:59:51-07:00,0,0
style.css,23,css,b1e110e9,realmabg,2025-10-11,20:59:51,-07:00,2025-10-11T20:59:51-07:00,0,3
style.css,24,css,b1e110e9,realmabg,2025-10-11,20:59:51,-07:00,2025-10-11T20:59:51-07:00,1,12
style.css,25,css,b1e110e9,realmabg,2025-10-11,20:59:51,-07:00,2025-10-11T20:59:51-07:00,1,17
style.css,26,css,6fe8f723,realmabg,2025-10-17,23:27:41,-07:00,2025-10-17T23:27:41-07:00,0,0
style.css,27,css,6fe8f723,realmabg,2025-10-17,23:27:41,-07:00,2025-10-17T23:27:41-07:00,1,39
style.css,28,css,6fe8f723,realmabg,2025-10-17,23:27:41,-07:00,2025-10-17T23:27:41-07:00,1,43
style.css,29,css,b1e110e9,realmabg,2025-10-11,20:59:51,-07:00,2025-10-11T20:59:51-07:00,0,0
style.css,30,css,b1e110e9,realmabg,2025-10-11,20:59:51,-07:00,2025-10-11T20:59:51-07:00,0,0
style.css,31,css,b1e110e9,realmabg,2025-10-11,20:59:51,-07:00,2025-10-11T20:59:51-07:00,0,0
style.css,32,css,6fe8f723,realmabg,2025-10-17,23:27:41,-07:00,2025-10-17T23:27:41-07:00,0,0
style.css,33,css,6fe8f723,realmabg,2025-10-17,23:27:41,-07:00,2025-10-17T23:27:41-07:00,0,0
style.css,34,css,ba0a82e6,realmabg,2025-10-11,20:14:19,-07:00,2025-10-11T20:14:19-07:00,0,5
style.css,35,css,ba0a82e6,realmabg,2025-10-11,20:14:19,-07:00,2025-10-11T20:14:19-07:00,0,6
style.css,36,css,ba0a82e6,realmabg,2025-10-11,20:14:19,-07:00,2025-10-11T20:14:19-07:00,1,16
style.css,37,css,b1e110e9,realmabg,2025-10-11,20:59:51,-07:00,2025-10-11T20:59:51-07:00,0,0
style.css,38,css,b1e110e9,realmabg,2025-10-11,20:59:51,-07:00,2025-10-11T20:59:51-07:00,0,0
style.css,39,css,b1e110e9,realmabg,2025-10-11,20:59:51,-07:00,2025-10-11T20:59:51-07:00,0,0
style.css,40,css,b1e110e9,realmabg,2025-10-11,20:59:51,-07:00,2025-10-11T20:59:51-07:00,0,5
style.css,41,css,b1e110e9,realmabg,2025-10-11,20:59:51,-07:00,2025-10-11T20:59:51-07:00,1,6
style.css,42,css,b1e110e9,realmabg,2025-10-11,20:59:51,-07:00,2025-10-11T20:59:51-07:00,1,20
style.css,43,css,b1e110e9,realmabg,2025-10-11,20:59:51,-07:00,2025-10-11T20:59:51-07:00,1,13
style.css,44,css,b1e110e9,realmabg,2025-10-11,20:59:51,-07:00,2025-10-11T20:59:51-07:00,1,17
style.css,45,css,b1e110e9,realmabg,2025-10-11,20:59:51,-07:00,2025-10-11T20:59:51-07:00,1,13
style.css,46,css,b1e110e9,realmabg,2025-10-11,20:59:51,-07:00,2025-10-11T20:59:51-07:00,0,0
style.css,47,css,b1e110e9,realmabg,2025-10-11,20:59:51,-07:00,2025-10-11T20:59:51-07:00,0,0
style.css,48,css,b1e110e9,realmabg,2025-10-11,20:59:51,-07:00,2025-10-11T20:59:51-07:00,0,11
style.css,49,css,b1e110e9,realmabg,2025-10-11,20:59:51,-07:00,2025-10-11T20:59:51-07:00,1,45
style.css,50,css,b1e110e9,realmabg,2025-10-11,20:59:51,-07:00,2025-10-11T20:59:51-07:00,0,0
style.css,51,css,b1e110e9,realmabg,2025-10-11,20:59:51,-07:00,2025-10-11T20:59:51-07:00,0,0
style.css,52,css,b1e110e9,realmabg,2025-10-11,20:59:51,-07:00,2025-10-11T20:59:51-07:00,0,13
style.css,53,css,6fe8f723,realmabg,2025-10-17,23:27:41,-07:00,2025-10-17T23:27:41-07:00,1,45
style.css,54,css,b1e110e9,realmabg,2025-10-11,20:59:51,-07:00,2025-10-11T20:59:51-07:00,1,20
style.css,55,css,b1e110e9,realmabg,2025-10-11,20:59:51,-07:00,2025-10-11T20:59:51-07:00,1,15
style.css,56,css,0164aadb,realmabg,2025-10-11,21:46:15,-07:00,2025-10-11T21:46:15-07:00,0,0
style.css,57,css,0164aadb,realmabg,2025-10-11,21:46:15,-07:00,2025-10-11T21:46:15-07:00,0,0
style.css,58,css,0164aadb,realmabg,2025-10-11,21:46:15,-07:00,2025-10-11T21:46:15-07:00,0,4
style.css,59,css,0164aadb,realmabg,2025-10-11,21:46:15,-07:00,2025-10-11T21:46:15-07:00,0,7
style.css,60,css,0164aadb,realmabg,2025-10-11,21:46:15,-07:00,2025-10-11T21:46:15-07:00,0,6
style.css,61,css,0164aadb,realmabg,2025-10-11,21:46:15,-07:00,2025-10-11T21:46:15-07:00,1,12
style.css,62,css,0164aadb,realmabg,2025-10-11,21:46:15,-07:00,2025-10-11T21:46:15-07:00,0,0
style.css,63,css,0164aadb,realmabg,2025-10-11,21:46:15,-07:00,2025-10-11T21:46:15-07:00,0,0
style.css,64,css,0164aadb,realmabg,2025-10-11,21:46:15,-07:00,2025-10-11T21:46:15-07:00,0,4
style.css,65,css,0164aadb,realmabg,2025-10-11,21:46:15,-07:00,2025-10-11T21:46:15-07:00,1,12
style.css,66,css,0164aadb,realmabg,2025-10-11,21:46:15,-07:00,2025-10-11T21:46:15-07:00,1,31
style.css,67,css,0164aadb,realmabg,2025-10-11,21:46:15,-07:00,2025-10-11T21:46:15-07:00,0,0
style.css,68,css,0164aadb,realmabg,2025-10-11,21:46:15,-07:00,2025-10-11T21:46:15-07:00,1,7
style.css,69,css,0164aadb,realmabg,2025-10-11,21:46:15,-07:00,2025-10-11T21:46:15-07:00,1,15
style.css,70,css,0164aadb,realmabg,2025-10-11,21:46:15,-07:00,2025-10-11T21:46:15-07:00,0,0
style.css,71,css,0164aadb,realmabg,2025-10-11,21:46:15,-07:00,2025-10-11T21:46:15-07:00,0,0
style.css,72,css,0164aadb,realmabg,2025-10-11,21:46:15,-07:00,2025-10-11T21:46:15-07:00,0,9
style.css,73,css,0164aadb,realmabg,2025-10-11,21:46:15,-07:00,2025-10-11T21:46:15-07:00,1,12
style.css,74,css,966bacb1,realmabg,2025-10-11,22:04:03,-07:00,2025-10-11T22:04:03-07:00,1,29
style.css,75,css,966bacb1,realmabg,2025-10-11,22:04:03,-07:00,2025-10-11T22:04:03-07:00,1,18
style.css,76,css,0164aadb,realmabg,2025-10-11,21:46:15,-07:00,2025-10-11T21:46:15-07:00,1,18
style.css,77,css,0164aadb,realmabg,2025-10-11,21:46:15,-07:00,2025-10-11T21:46:15-07:00,0,0
style.css,78,css,0164aadb,realmabg,2025-10-11,21:46:15,-07:00,2025-10-11T21:46:15-07:00,0,0
style.css,79,css,0164aadb,realmabg,2025-10-11,21:46:15,-07:00,2025-10-11T21:46:15-07:00,0,47
style.css,80,css,0164aadb,realmabg,2025-10-11,21:46:15,-07:00,2025-10-11T21:46:15-07:00,0,0
style.css,81,css,0164aadb,realmabg,2025-10-11,21:46:15,-07:00,2025-10-11T21:46:15-07:00,0,9
style.css,82,css,0164aadb,realmabg,2025-10-11,21:46:15,-07:00,2025-10-11T21:46:15-07:00,1,12
style.css,83,css,0164aadb,realmabg,2025-10-11,21:46:15,-07:00,2025-10-11T21:46:15-07:00,1,58
style.css,84,css,966bacb1,realmabg,2025-10-11,22:04:03,-07:00,2025-10-11T22:04:03-07:00,1,38
style.css,85,css,966bacb1,realmabg,2025-10-11,22:04:03,-07:00,2025-10-11T22:04:03-07:00,1,9
style.css,86,css,966bacb1,realmabg,2025-10-11,22:04:03,-07:00,2025-10-11T22:04:03-07:00,1,17
style.css,87,css,0164aadb,realmabg,2025-10-11,21:46:15,-07:00,2025-10-11T21:46:15-07:00,0,0
style.css,88,css,0164aadb,realmabg,2025-10-11,21:46:15,-07:00,2025-10-11T21:46:15-07:00,0,0
style.css,89,css,0164aadb,realmabg,2025-10-11,21:46:15,-07:00,2025-10-11T21:46:15-07:00,0,17
style.css,90,css,0164aadb,realmabg,2025-10-11,21:46:15,-07:00,2025-10-11T21:46:15-07:00,1,12
style.css,91,css,0164aadb,realmabg,2025-10-11,21:46:15,-07:00,2025-10-11T21:46:15-07:00,1,26
style.css,92,css,966bacb1,realmabg,2025-10-11,22:04:03,-07:00,2025-10-11T22:04:03-07:00,1,15
style.css,93,css,966bacb1,realmabg,2025-10-11,22:04:03,-07:00,2025-10-11T22:04:03-07:00,1,7
style.css,94,css,0164aadb,realmabg,2025-10-11,21:46:15,-07:00,2025-10-11T21:46:15-07:00,0,0
style.css,95,css,0164aadb,realmabg,2025-10-11,21:46:15,-07:00,2025-10-11T21:46:15-07:00,0,0
style.css,96,css,0164aadb,realmabg,2025-10-11,21:46:15,-07:00,2025-10-11T21:46:15-07:00,0,12
style.css,97,css,966bacb1,realmabg,2025-10-11,22:04:03,-07:00,2025-10-11T22:04:03-07:00,1,19
style.css,98,css,966bacb1,realmabg,2025-10-11,22:04:03,-07:00,2025-10-11T22:04:03-07:00,1,15
style.css,99,css,0164aadb,realmabg,2025-10-11,21:46:15,-07:00,2025-10-11T21:46:15-07:00,0,0
style.css,100,css,0164aadb,realmabg,2025-10-11,21:46:15,-07:00,2025-10-11T21:46:15-07:00,0,0
style.css,101,css,0164aadb,realmabg,2025-10-11,21:46:15,-07:00,2025-10-11T21:46:15-07:00,0,2
style.css,102,css,966bacb1,realmabg,2025-10-11,22:04:03,-07:00,2025-10-11T22:04:03-07:00,1,14
style.css,103,css,966bacb1,realmabg,2025-10-11,22:04:03,-07:00,2025-10-11T22:04:03-07:00,1,15
style.css,104,css,966bacb1,realmabg,2025-10-11,22:04:03,-07:00,2025-10-11T22:04:03-07:00,1,17
style.css,105,css,0164aadb,realmabg,2025-10-11,21:46:15,-07:00,2025-10-11T21:46:15-07:00,1,24
style.css,106,css,0164aadb,realmabg,2025-10-11,21:46:15,-07:00,2025-10-11T21:46:15-07:00,0,0
style.css,107,css,0164aadb,realmabg,2025-10-11,21:46:15,-07:00,2025-10-11T21:46:15-07:00,0,0
style.css,108,css,966bacb1,realmabg,2025-10-11,22:04:03,-07:00,2025-10-11T22:04:03-07:00,0,12
style.css,109,css,966bacb1,realmabg,2025-10-11,22:04:03,-07:00,2025-10-11T22:04:03-07:00,1,18
style.css,110,css,966bacb1,realmabg,2025-10-11,22:04:03,-07:00,2025-10-11T22:04:03-07:00,1,15
style.css,111,css,966bacb1,realmabg,2025-10-11,22:04:03,-07:00,2025-10-11T22:04:03-07:00,1,13
style.css,112,css,6fe8f723,realmabg,2025-10-17,23:27:41,-07:00,2025-10-17T23:27:41-07:00,1,53
style.css,113,css,966bacb1,realmabg,2025-10-11,22:04:03,-07:00,2025-10-11T22:04:03-07:00,0,0
style.css,114,css,489007cb,realmabg,2025-10-11,22:16:43,-07:00,2025-10-11T22:16:43-07:00,0,0
style.css,115,css,489007cb,realmabg,2025-10-11,22:16:43,-07:00,2025-10-11T22:16:43-07:00,0,0
style.css,116,css,489007cb,realmabg,2025-10-11,22:16:43,-07:00,2025-10-11T22:16:43-07:00,0,14
style.css,117,css,489007cb,realmabg,2025-10-11,22:16:43,-07:00,2025-10-11T22:16:43-07:00,1,21
style.css,118,css,489007cb,realmabg,2025-10-11,22:16:43,-07:00,2025-10-11T22:16:43-07:00,1,17
style.css,119,css,489007cb,realmabg,2025-10-11,22:16:43,-07:00,2025-10-11T22:16:43-07:00,0,0
style.css,120,css,489007cb,realmabg,2025-10-11,22:16:43,-07:00,2025-10-11T22:16:43-07:00,0,10
style.css,121,css,489007cb,realmabg,2025-10-11,22:16:43,-07:00,2025-10-11T22:16:43-07:00,1,14
style.css,122,css,489007cb,realmabg,2025-10-11,22:16:43,-07:00,2025-10-11T22:16:43-07:00,1,24
style.css,123,css,489007cb,realmabg,2025-10-11,22:16:43,-07:00,2025-10-11T22:16:43-07:00,0,0
style.css,124,css,489007cb,realmabg,2025-10-11,22:16:43,-07:00,2025-10-11T22:16:43-07:00,0,16
style.css,125,css,489007cb,realmabg,2025-10-11,22:16:43,-07:00,2025-10-11T22:16:43-07:00,1,8
style.css,126,css,489007cb,realmabg,2025-10-11,22:16:43,-07:00,2025-10-11T22:16:43-07:00,1,25
style.css,127,css,489007cb,realmabg,2025-10-11,22:16:43,-07:00,2025-10-11T22:16:43-07:00,0,0
style.css,128,css,489007cb,realmabg,2025-10-11,22:16:43,-07:00,2025-10-11T22:16:43-07:00,0,16
style.css,129,css,489007cb,realmabg,2025-10-11,22:16:43,-07:00,2025-10-11T22:16:43-07:00,1,20
style.css,130,css,489007cb,realmabg,2025-10-11,22:16:43,-07:00,2025-10-11T22:16:43-07:00,1,35
style.css,131,css,489007cb,realmabg,2025-10-11,22:16:43,-07:00,2025-10-11T22:16:43-07:00,0,0
style.css,132,css,489007cb,realmabg,2025-10-11,22:16:43,-07:00,2025-10-11T22:16:43-07:00,0,22
style.css,133,css,489007cb,realmabg,2025-10-11,22:16:43,-07:00,2025-10-11T22:16:43-07:00,1,39
style.css,134,css,489007cb,realmabg,2025-10-11,22:16:43,-07:00,2025-10-11T22:16:43-07:00,0,0
style.css,135,css,489007cb,realmabg,2025-10-11,22:16:43,-07:00,2025-10-11T22:16:43-07:00,0,0
style.css,136,css,489007cb,realmabg,2025-10-11,22:16:43,-07:00,2025-10-11T22:16:43-07:00,0,0
style.css,137,css,489007cb,realmabg,2025-10-11,22:16:43,-07:00,2025-10-11T22:16:43-07:00,0,23
style.css,138,css,489007cb,realmabg,2025-10-11,22:16:43,-07:00,2025-10-11T22:16:43-07:00,1,25
style.css,139,css,489007cb,realmabg,2025-10-11,22:16:43,-07:00,2025-10-11T22:16:43-07:00,0,0
style.css,140,css,489007cb,realmabg,2025-10-11,22:16:43,-07:00,2025-10-11T22:16:43-07:00,0,0
style.css,141,css,489007cb,realmabg,2025-10-11,22:16:43,-07:00,2025-10-11T22:16:43-07:00,0,0
style.css,142,css,489007cb,realmabg,2025-10-11,22:16:43,-07:00,2025-10-11T22:16:43-07:00,0,0
style.css,143,css,489007cb,realmabg,2025-10-11,22:16:43,-07:00,2025-10-11T22:16:43-07:00,0,10
style.css,144,css,489007cb,realmabg,2025-10-11,22:16:43,-07:00,2025-10-11T22:16:43-07:00,1,26
style.css,145,css,489007cb,realmabg,2025-10-11,22:16:43,-07:00,2025-10-11T22:16:43-07:00,1,17
style.css,146,css,489007cb,realmabg,2025-10-11,22:16:43,-07:00,2025-10-11T22:16:43-07:00,0,0
style.css,147,css,489007cb,realmabg,2025-10-11,22:16:43,-07:00,2025-10-11T22:16:43-07:00,0,10
style.css,148,css,489007cb,realmabg,2025-10-11,22:16:43,-07:00,2025-10-11T22:16:43-07:00,1,20
style.css,149,css,489007cb,realmabg,2025-10-11,22:16:43,-07:00,2025-10-11T22:16:43-07:00,0,0
style.css,150,css,489007cb,realmabg,2025-10-11,22:16:43,-07:00,2025-10-11T22:16:43-07:00,0,0
style.css,151,css,489007cb,realmabg,2025-10-11,22:16:43,-07:00,2025-10-11T22:16:43-07:00,0,0
style.css,152,css,489007cb,realmabg,2025-10-11,22:16:43,-07:00,2025-10-11T22:16:43-07:00,0,10
style.css,153,css,489007cb,realmabg,2025-10-11,22:16:43,-07:00,2025-10-11T22:16:43-07:00,1,24
style.css,154,css,489007cb,realmabg,2025-10-11,22:16:43,-07:00,2025-10-11T22:16:43-07:00,1,15
style.css,155,css,489007cb,realmabg,2025-10-11,22:16:43,-07:00,2025-10-11T22:16:43-07:00,0,0
style.css,156,css,489007cb,realmabg,2025-10-11,22:16:43,-07:00,2025-10-11T22:16:43-07:00,0,0
style.css,157,css,489007cb,realmabg,2025-10-11,22:16:43,-07:00,2025-10-11T22:16:43-07:00,0,17
style.css,158,css,489007cb,realmabg,2025-10-11,22:16:43,-07:00,2025-10-11T22:16:43-07:00,1,16
style.css,159,css,6fe8f723,realmabg,2025-10-17,23:27:41,-07:00,2025-10-17T23:27:41-07:00,0,0
style.css,160,css,6fe8f723,realmabg,2025-10-17,23:27:41,-07:00,2025-10-17T23:27:41-07:00,0,0
style.css,161,css,6fe8f723,realmabg,2025-10-17,23:27:41,-07:00,2025-10-17T23:27:41-07:00,0,0
style.css,162,css,6fe8f723,realmabg,2025-10-17,23:27:41,-07:00,2025-10-17T23:27:41-07:00,0,13
style.css,163,css,6fe8f723,realmabg,2025-10-17,23:27:41,-07:00,2025-10-17T23:27:41-07:00,1,52
style.css,164,css,6fe8f723,realmabg,2025-10-17,23:27:41,-07:00,2025-10-17T23:27:41-07:00,1,48
style.css,165,css,6fe8f723,realmabg,2025-10-17,23:27:41,-07:00,2025-10-17T23:27:41-07:00,1,50
style.css,166,css,6fe8f723,realmabg,2025-10-17,23:27:41,-07:00,2025-10-17T23:27:41-07:00,1,47
style.css,167,css,6fe8f723,realmabg,2025-10-17,23:27:41,-07:00,2025-10-17T23:27:41-07:00,1,45
style.css,168,css,6fe8f723,realmabg,2025-10-17,23:27:41,-07:00,2025-10-17T23:27:41-07:00,1,0
style.css,169,css,6fe8f723,realmabg,2025-10-17,23:27:41,-07:00,2025-10-17T23:27:41-07:00,0,0
style.css,170,css,6fe8f723,realmabg,2025-10-17,23:27:41,-07:00,2025-10-17T23:27:41-07:00,0,0
style.css,171,css,6fe8f723,realmabg,2025-10-17,23:27:41,-07:00,2025-10-17T23:27:41-07:00,0,4
style.css,172,css,6fe8f723,realmabg,2025-10-17,23:27:41,-07:00,2025-10-17T23:27:41-07:00,0,7
style.css,173,css,6fe8f723,realmabg,2025-10-17,23:27:41,-07:00,2025-10-17T23:27:41-07:00,0,5
style.css,174,css,6fe8f723,realmabg,2025-10-17,23:27:41,-07:00,2025-10-17T23:27:41-07:00,0,6
style.css,175,css,6fe8f723,realmabg,2025-10-17,23:27:41,-07:00,2025-10-17T23:27:41-07:00,1,12
style.css,176,css,5e81d992,realmabg,2025-10-23,02:32:01,-07:00,2025-10-23T02:32:01-07:00,0,0
style.css,177,css,5e81d992,realmabg,2025-10-23,02:32:01,-07:00,2025-10-23T02:32:01-07:00,0,0
style.css,178,css,5e81d992,realmabg,2025-10-23,02:32:01,-07:00,2025-10-23T02:32:01-07:00,0,14
style.css,179,css,5e81d992,realmabg,2025-10-23,02:32:01,-07:00,2025-10-23T02:32:01-07:00,1,17
style.css,180,css,5e81d992,realmabg,2025-10-23,02:32:01,-07:00,2025-10-23T02:32:01-07:00,1,19
style.css,181,css,5e81d992,realmabg,2025-10-23,02:32:01,-07:00,2025-10-23T02:32:01-07:00,1,34
style.css,182,css,5e81d992,realmabg,2025-10-23,02:32:01,-07:00,2025-10-23T02:32:01-07:00,1,21
style.css,183,css,5e81d992,realmabg,2025-10-23,02:32:01,-07:00,2025-10-23T02:32:01-07:00,1,34
style.css,184,css,5e81d992,realmabg,2025-10-23,02:32:01,-07:00,2025-10-23T02:32:01-07:00,0,0
style.css,185,css,5e81d992,realmabg,2025-10-23,02:32:01,-07:00,2025-10-23T02:32:01-07:00,0,0
style.css,186,css,5e81d992,realmabg,2025-10-23,02:32:01,-07:00,2025-10-23T02:32:01-07:00,1,15
style.css,187,css,5e81d992,realmabg,2025-10-23,02:32:01,-07:00,2025-10-23T02:32:01-07:00,1,18
style.css,188,css,5e81d992,realmabg,2025-10-23,02:32:01,-07:00,2025-10-23T02:32:01-07:00,1,21
style.css,189,css,5e81d992,realmabg,2025-10-23,02:32:01,-07:00,2025-10-23T02:32:01-07:00,0,0
style.css,190,css,5e81d992,realmabg,2025-10-23,02:32:01,-07:00,2025-10-23T02:32:01-07:00,0,0
style.css,191,css,5e81d992,realmabg,2025-10-23,02:32:01,-07:00,2025-10-23T02:32:01-07:00,0,0
style.css,192,css,5e81d992,realmabg,2025-10-23,02:32:01,-07:00,2025-10-23T02:32:01-07:00,0,17
style.css,193,css,5e81d992,realmabg,2025-10-23,02:32:01,-07:00,2025-10-23T02:32:01-07:00,1,12
style.css,194,css,5e81d992,realmabg,2025-10-23,02:32:01,-07:00,2025-10-23T02:32:01-07:00,1,36
style.css,195,css,5e81d992,realmabg,2025-10-23,02:32:01,-07:00,2025-10-23T02:32:01-07:00,1,15
style.css,196,css,5e81d992,realmabg,2025-10-23,02:32:01,-07:00,2025-10-23T02:32:01-07:00,1,8
style.css,197,css,5e81d992,realmabg,2025-10-23,02:32:01,-07:00,2025-10-23T02:32:01-07:00,1,17
style.css,198,css,5e81d992,realmabg,2025-10-23,02:32:01,-07:00,2025-10-23T02:32:01-07:00,0,0
style.css,199,css,5e81d992,realmabg,2025-10-23,02:32:01,-07:00,2025-10-23T02:32:01-07:00,0,0
style.css,200,css,5e81d992,realmabg,2025-10-23,02:32:01,-07:00,2025-10-23T02:32:01-07:00,0,17
style.css,201,css,5e81d992,realmabg,2025-10-23,02:32:01,-07:00,2025-10-23T02:32:01-07:00,1,15
style.css,202,css,5e81d992,realmabg,2025-10-23,02:32:01,-07:00,2025-10-23T02:32:01-07:00,1,10
style.css,203,css,5e81d992,realmabg,2025-10-23,02:32:01,-07:00,2025-10-23T02:32:01-07:00,0,0
style.css,204,css,5e81d992,realmabg,2025-10-23,02:32:01,-07:00,2025-10-23T02:32:01-07:00,0,0
style.css,205,css,5e81d992,realmabg,2025-10-23,02:32:01,-07:00,2025-10-23T02:32:01-07:00,0,17
style.css,206,css,5e81d992,realmabg,2025-10-23,02:32:01,-07:00,2025-10-23T02:32:01-07:00,1,10
style.css,207,css,5e81d992,realmabg,2025-10-23,02:32:01,-07:00,2025-10-23T02:32:01-07:00,1,8
style.css,208,css,5e81d992,realmabg,2025-10-23,02:32:01,-07:00,2025-10-23T02:32:01-07:00,1,15
style.css,209,css,ab2beb80,realmabg,2025-11-01,01:46:51,-07:00,2025-11-01T01:46:51-07:00,0,0
style.css,210,css,ab2beb80,realmabg,2025-11-01,01:46:51,-07:00,2025-11-01T01:46:51-07:00,0,0
style.css,211,css,ab2beb80,realmabg,2025-11-01,01:46:51,-07:00,2025-11-01T01:46:51-07:00,0,18
style.css,212,css,ab2beb80,realmabg,2025-11-01,01:46:51,-07:00,2025-11-01T01:46:51-07:00,1,14
style.css,213,css,ab2beb80,realmabg,2025-11-01,01:46:51,-07:00,2025-11-01T01:46:51-07:00,1,14
style.css,214,css,ab2beb80,realmabg,2025-11-01,01:46:51,-07:00,2025-11-01T01:46:51-07:00,1,16
style.css,215,css,ab2beb80,realmabg,2025-11-01,01:46:51,-07:00,2025-11-01T01:46:51-07:00,0,0
style.css,216,css,ab2beb80,realmabg,2025-11-01,01:46:51,-07:00,2025-11-01T01:46:51-07:00,0,0
style.css,217,css,ab2beb80,realmabg,2025-11-01,01:46:51,-07:00,2025-11-01T01:46:51-07:00,0,7
style.css,218,css,ab2beb80,realmabg,2025-11-01,01:46:51,-07:00,2025-11-01T01:46:51-07:00,1,6
style.css,219,css,ab2beb80,realmabg,2025-11-01,01:46:51,-07:00,2025-11-01T01:46:51-07:00,1,8
style.css,220,css,ab2beb80,realmabg,2025-11-01,01:46:51,-07:00,2025-11-01T01:46:51-07:00,1,12
style.css,221,css,ab2beb80,realmabg,2025-11-01,01:46:51,-07:00,2025-11-01T01:46:51-07:00,1,57
style.css,222,css,ab2beb80,realmabg,2025-11-01,01:46:51,-07:00,2025-11-01T01:46:51-07:00,1,11
style.css,223,css,ab2beb80,realmabg,2025-11-01,01:46:51,-07:00,2025-11-01T01:46:51-07:00,1,15
style.css,224,css,ab2beb80,realmabg,2025-11-01,01:46:51,-07:00,2025-11-01T01:46:51-07:00,1,13
style.css,225,css,ab2beb80,realmabg,2025-11-01,01:46:51,-07:00,2025-11-01T01:46:51-07:00,0,0
style.css,226,css,ab2beb80,realmabg,2025-11-01,01:46:51,-07:00,2025-11-01T01:46:51-07:00,0,0
style.css,227,css,ab2beb80,realmabg,2025-11-01,01:46:51,-07:00,2025-11-01T01:46:51-07:00,0,0
style.css,228,css,ab2beb80,realmabg,2025-11-01,01:46:51,-07:00,2025-11-01T01:46:51-07:00,0,0
style.css,229,css,ab2beb80,realmabg,2025-11-01,01:46:51,-07:00,2025-11-01T01:46:51-07:00,0,7
style.css,230,css,ab2beb80,realmabg,2025-11-01,01:46:51,-07:00,2025-11-01T01:46:51-07:00,1,20
style.css,231,css,ab2beb80,realmabg,2025-11-01,01:46:51,-07:00,2025-11-01T01:46:51-07:00,1,9
style.css,232,css,ab2beb80,realmabg,2025-11-01,01:46:51,-07:00,2025-11-01T01:46:51-07:00,1,10
style.css,233,css,ab2beb80,realmabg,2025-11-01,01:46:51,-07:00,2025-11-01T01:46:51-07:00,1,23
style.css,234,css,ab2beb80,realmabg,2025-11-01,01:46:51,-07:00,2025-11-01T01:46:51-07:00,1,20
style.css,235,css,ab2beb80,realmabg,2025-11-01,01:46:51,-07:00,2025-11-01T01:46:51-07:00,0,0
style.css,236,css,ab2beb80,realmabg,2025-11-01,01:46:51,-07:00,2025-11-01T01:46:51-07:00,0,0
style.css,237,css,ab2beb80,realmabg,2025-11-01,01:46:51,-07:00,2025-11-01T01:46:51-07:00,0,10
style.css,238,css,ab2beb80,realmabg,2025-11-01,01:46:51,-07:00,2025-11-01T01:46:51-07:00,1,12
style.css,239,css,ab2beb80,realmabg,2025-11-01,01:46:51,-07:00,2025-11-01T01:46:51-07:00,1,18
style.css,240,css,ab2beb80,realmabg,2025-11-01,01:46:51,-07:00,2025-11-01T01:46:51-07:00,1,29
style.css,241,css,ab2beb80,realmabg,2025-11-01,01:46:51,-07:00,2025-11-01T01:46:51-07:00,1,8
style.css,242,css,ab2beb80,realmabg,2025-11-01,01:46:51,-07:00,2025-11-01T01:46:51-07:00,1,14
style.css,243,css,ab2beb80,realmabg,2025-11-01,01:46:51,-07:00,2025-11-01T01:46:51-07:00,0,0
style.css,244,css,ab2beb80,realmabg,2025-11-01,01:46:51,-07:00,2025-11-01T01:46:51-07:00,0,0
style.css,245,css,ab2beb80,realmabg,2025-11-01,01:46:51,-07:00,2025-11-01T01:46:51-07:00,0,0
style.css,246,css,ab2beb80,realmabg,2025-11-01,01:46:51,-07:00,2025-11-01T01:46:51-07:00,0,10
style.css,247,css,ab2beb80,realmabg,2025-11-01,01:46:51,-07:00,2025-11-01T01:46:51-07:00,1,13
style.css,248,css,ab2beb80,realmabg,2025-11-01,01:46:51,-07:00,2025-11-01T01:46:51-07:00,1,10
style.css,249,css,ab2beb80,realmabg,2025-11-01,01:46:51,-07:00,2025-11-01T01:46:51-07:00,1,14
style.css,250,css,ab2beb80,realmabg,2025-11-01,01:46:51,-07:00,2025-11-01T01:46:51-07:00,1,15
style.css,251,css,ab2beb80,realmabg,2025-11-01,01:46:51,-07:00,2025-11-01T01:46:51-07:00,1,18
style.css,252,css,ab2beb80,realmabg,2025-11-01,01:46:51,-07:00,2025-11-01T01:46:51-07:00,1,20
style.css,253,css,ab2beb80,realmabg,2025-11-01,01:46:51,-07:00,2025-11-01T01:46:51-07:00,1,14
style.css,254,css,ab2beb80,realmabg,2025-11-01,01:46:51,-07:00,2025-11-01T01:46:51-07:00,1,34
style.css,255,css,ab2beb80,realmabg,2025-11-01,01:46:51,-07:00,2025-11-01T01:46:51-07:00,1,19
style.css,256,css,ab2beb80,realmabg,2025-11-01,01:46:51,-07:00,2025-11-01T01:46:51-07:00,0,0
style.css,257,css,ab2beb80,realmabg,2025-11-01,01:46:51,-07:00,2025-11-01T01:46:51-07:00,0,0
style.css,258,css,ab2beb80,realmabg,2025-11-01,01:46:51,-07:00,2025-11-01T01:46:51-07:00,0,17
style.css,259,css,ab2beb80,realmabg,2025-11-01,01:46:51,-07:00,2025-11-01T01:46:51-07:00,1,16
style.css,260,css,ab2beb80,realmabg,2025-11-01,01:46:51,-07:00,2025-11-01T01:46:51-07:00,2,11
style.css,261,css,ab2beb80,realmabg,2025-11-01,01:46:51,-07:00,2025-11-01T01:46:51-07:00,1,0
style.css,262,css,ab2beb80,realmabg,2025-11-01,01:46:51,-07:00,2025-11-01T01:46:51-07:00,0,0
style.css,263,css,ab2beb80,realmabg,2025-11-01,01:46:51,-07:00,2025-11-01T01:46:51-07:00,0,0
style.css,264,css,ab2beb80,realmabg,2025-11-01,01:46:51,-07:00,2025-11-01T01:46:51-07:00,0,4
style.css,265,css,ab2beb80,realmabg,2025-11-01,01:46:51,-07:00,2025-11-01T01:46:51-07:00,1,16
style.css,266,css,ab2beb80,realmabg,2025-11-01,01:46:51,-07:00,2025-11-01T01:46:51-07:00,0,0
style.css,267,css,ab2beb80,realmabg,2025-11-01,01:46:51,-07:00,2025-11-01T01:46:51-07:00,0,0
style.css,268,css,ab2beb80,realmabg,2025-11-01,01:46:51,-07:00,2025-11-01T01:46:51-07:00,0,9
style.css,269,css,ab2beb80,realmabg,2025-11-01,01:46:51,-07:00,2025-11-01T01:46:51-07:00,1,49
style.css,270,css,ab2beb80,realmabg,2025-11-01,01:46:51,-07:00,2025-11-01T01:46:51-07:00,0,0
style.css,271,css,ab2beb80,realmabg,2025-11-01,01:46:51,-07:00,2025-11-01T01:46:51-07:00,1,10
style.css,272,css,ab2beb80,realmabg,2025-11-01,01:46:51,-07:00,2025-11-01T01:46:51-07:00,2,17
style.css,273,css,ab2beb80,realmabg,2025-11-01,01:46:51,-07:00,2025-11-01T01:46:51-07:00,1,0
style.css,274,css,ab2beb80,realmabg,2025-11-01,01:46:51,-07:00,2025-11-01T01:46:51-07:00,0,0
style.css,275,css,ab2beb80,realmabg,2025-11-01,01:46:51,-07:00,2025-11-01T01:46:51-07:00,0,0
style.css,276,css,ab2beb80,realmabg,2025-11-01,01:46:51,-07:00,2025-11-01T01:46:51-07:00,0,4
style.css,277,css,ab2beb80,realmabg,2025-11-01,01:46:51,-07:00,2025-11-01T01:46:51-07:00,1,14
style.css,278,css,ab2beb80,realmabg,2025-11-01,01:46:51,-07:00,2025-11-01T01:46:51-07:00,0,0
style.css,279,css,ab2beb80,realmabg,2025-11-01,01:46:51,-07:00,2025-11-01T01:46:51-07:00,0,0
style.css,280,css,ab2beb80,realmabg,2025-11-01,01:46:51,-07:00,2025-11-01T01:46:51-07:00,0,17
style.css,281,css,ab2beb80,realmabg,2025-11-01,01:46:51,-07:00,2025-11-01T01:46:51-07:00,1,16
style.css,282,css,ab2beb80,realmabg,2025-11-01,01:46:51,-07:00,2025-11-01T01:46:51-07:00,2,11
style.css,283,css,ab2beb80,realmabg,2025-11-01,01:46:51,-07:00,2025-11-01T01:46:51-07:00,1,0
style.css,284,css,ab2beb80,realmabg,2025-11-01,01:46:51,-07:00,2025-11-01T01:46:51-07:00,0,0
index.js,1,js,5e81d992,realmabg,2025-10-23,02:32:01,-07:00,2025-10-23T02:32:01-07:00,0,71
index.js,2,js,5e81d992,realmabg,2025-10-23,02:32:01,-07:00,2025-10-23T02:32:01-07:00,0,54
index.js,3,js,5e81d992,realmabg,2025-10-23,02:32:01,-07:00,2025-10-23T02:32:01-07:00,0,42
index.js,4,js,5e81d992,realmabg,2025-10-23,02:32:01,-07:00,2025-10-23T02:32:01-07:00,0,60
index.js,5,js,5e81d992,realmabg,2025-10-23,02:32:01,-07:00,2025-10-23T02:32:01-07:00,0,54
index.js,6,js,5e81d992,realmabg,2025-10-23,02:32:01,-07:00,2025-10-23T02:32:01-07:00,0,0
index.js,7,js,5e81d992,realmabg,2025-10-23,02:32:01,-07:00,2025-10-23T02:32:01-07:00,0,51
index.js,8,js,5e81d992,realmabg,2025-10-23,02:32:01,-07:00,2025-10-23T02:32:01-07:00,0,60
index.js,9,js,5e81d992,realmabg,2025-10-23,02:32:01,-07:00,2025-10-23T02:32:01-07:00,0,17
index.js,10,js,5e81d992,realmabg,2025-10-23,02:32:01,-07:00,2025-10-23T02:32:01-07:00,1,24
index.js,11,js,5e81d992,realmabg,2025-10-23,02:32:01,-07:00,2025-10-23T02:32:01-07:00,4,2
index.js,12,js,5e81d992,realmabg,2025-10-23,02:32:01,-07:00,2025-10-23T02:32:01-07:00,5,55
index.js,13,js,5e81d992,realmabg,2025-10-23,02:32:01,-07:00,2025-10-23T02:32:01-07:00,5,55
index.js,14,js,5e81d992,realmabg,2025-10-23,02:32:01,-07:00,2025-10-23T02:32:01-07:00,5,49
index.js,15,js,5e81d992,realmabg,2025-10-23,02:32:01,-07:00,2025-10-23T02:32:01-07:00,5,49
index.js,16,js,5e81d992,realmabg,2025-10-23,02:32:01,-07:00,2025-10-23T02:32:01-07:00,4,3
index.js,17,js,5e81d992,realmabg,2025-10-23,02:32:01,-07:00,2025-10-23T02:32:01-07:00,2,0
index.js,18,js,5e81d992,realmabg,2025-10-23,02:32:01,-07:00,2025-10-23T02:32:01-07:00,0,0
index.html,1,html,f3f174cb,realmabg,2025-10-02,17:21:45,-07:00,2025-10-02T17:21:45-07:00,0,13
index.html,2,html,f3f174cb,realmabg,2025-10-02,17:21:45,-07:00,2025-10-02T17:21:45-07:00,0,14
index.html,3,html,f3f174cb,realmabg,2025-10-02,17:21:45,-07:00,2025-10-02T17:21:45-07:00,0,4
index.html,4,html,b80df55f,realmabg,2025-10-02,18:37:34,-07:00,2025-10-02T18:37:34-07:00,2,38
index.html,5,html,f3f174cb,realmabg,2025-10-02,17:21:45,-07:00,2025-10-02T17:21:45-07:00,2,20
index.html,6,html,f3f174cb,realmabg,2025-10-02,17:21:45,-07:00,2025-10-02T17:21:45-07:00,2,68
index.html,7,html,f3f174cb,realmabg,2025-10-02,17:21:45,-07:00,2025-10-02T17:21:45-07:00,2,53
index.html,8,html,6fe8f723,realmabg,2025-10-17,23:27:41,-07:00,2025-10-17T23:27:41-07:00,2,45
index.html,9,html,5e81d992,realmabg,2025-10-23,02:32:01,-07:00,2025-10-23T02:32:01-07:00,2,50
index.html,10,html,f3f174cb,realmabg,2025-10-02,17:21:45,-07:00,2025-10-02T17:21:45-07:00,2,0
index.html,11,html,6203ef2a,realmabg,2025-10-03,14:03:15,-07:00,2025-10-03T14:03:15-07:00,2,0
index.html,12,html,f3f174cb,realmabg,2025-10-02,17:21:45,-07:00,2025-10-02T17:21:45-07:00,0,5
index.html,13,html,f3f174cb,realmabg,2025-10-02,17:21:45,-07:00,2025-10-02T17:21:45-07:00,0,4
index.html,14,html,b1e110e9,realmabg,2025-10-11,20:59:51,-07:00,2025-10-11T20:59:51-07:00,1,3
index.html,15,html,b80df55f,realmabg,2025-10-02,18:37:34,-07:00,2025-10-02T18:37:34-07:00,1,2
index.html,16,html,6fe8f723,realmabg,2025-10-17,23:27:41,-07:00,2025-10-17T23:27:41-07:00,2,67
index.html,17,html,b1e110e9,realmabg,2025-10-11,20:59:51,-07:00,2025-10-11T20:59:51-07:00,2,87
index.html,18,html,d3c94ef0,realmabg,2025-10-03,14:07:46,-07:00,2025-10-03T14:07:46-07:00,2,84
index.html,19,html,b1e110e9,realmabg,2025-10-11,20:59:51,-07:00,2025-10-11T20:59:51-07:00,2,83
index.html,20,html,6fe8f723,realmabg,2025-10-17,23:27:41,-07:00,2025-10-17T23:27:41-07:00,2,76
index.html,21,html,b80df55f,realmabg,2025-10-02,18:37:34,-07:00,2025-10-02T18:37:34-07:00,1,3
index.html,22,html,b1e110e9,realmabg,2025-10-11,20:59:51,-07:00,2025-10-11T20:59:51-07:00,0,4
index.html,23,html,b1e110e9,realmabg,2025-10-11,20:59:51,-07:00,2025-10-11T20:59:51-07:00,1,20
index.html,24,html,b1e110e9,realmabg,2025-10-11,20:59:51,-07:00,2025-10-11T20:59:51-07:00,1,79
index.html,25,html,b1e110e9,realmabg,2025-10-11,20:59:51,-07:00,2025-10-11T20:59:51-07:00,2,86
index.html,26,html,b1e110e9,realmabg,2025-10-11,20:59:51,-07:00,2025-10-11T20:59:51-07:00,2,0
index.html,27,html,b1e110e9,realmabg,2025-10-11,20:59:51,-07:00,2025-10-11T20:59:51-07:00,2,0
index.html,28,html,5e81d992,realmabg,2025-10-23,02:32:01,-07:00,2025-10-23T02:32:01-07:00,0,22
index.html,29,html,5e81d992,realmabg,2025-10-23,02:32:01,-07:00,2025-10-23T02:32:01-07:00,0,20
index.html,30,html,5e81d992,realmabg,2025-10-23,02:32:01,-07:00,2025-10-23T02:32:01-07:00,1,49
index.html,31,html,b80df55f,realmabg,2025-10-02,18:37:34,-07:00,2025-10-02T18:37:34-07:00,0,0
index.html,32,html,5e81d992,realmabg,2025-10-23,02:32:01,-07:00,2025-10-23T02:32:01-07:00,0,4
index.html,33,html,5e81d992,realmabg,2025-10-23,02:32:01,-07:00,2025-10-23T02:32:01-07:00,0,21
index.html,34,html,5e81d992,realmabg,2025-10-23,02:32:01,-07:00,2025-10-23T02:32:01-07:00,0,22
index.html,35,html,5e81d992,realmabg,2025-10-23,02:32:01,-07:00,2025-10-23T02:32:01-07:00,1,37
index.html,36,html,5e81d992,realmabg,2025-10-23,02:32:01,-07:00,2025-10-23T02:32:01-07:00,0,4
index.html,37,html,f3f174cb,realmabg,2025-10-02,17:21:45,-07:00,2025-10-02T17:21:45-07:00,0,5
index.html,38,html,f3f174cb,realmabg,2025-10-02,17:21:45,-07:00,2025-10-02T17:21:45-07:00,0,5
global.js,1,js,6fe8f723,realmabg,2025-10-17,23:27:41,-07:00,2025-10-17T23:27:41-07:00,0,25
global.js,2,js,6fe8f723,realmabg,2025-10-17,23:27:41,-07:00,2025-10-17T23:27:41-07:00,0,0
global.js,3,js,6fe8f723,realmabg,2025-10-17,23:27:41,-07:00,2025-10-17T23:27:41-07:00,0,44
global.js,4,js,6fe8f723,realmabg,2025-10-17,23:27:41,-07:00,2025-10-17T23:27:41-07:00,0,57
global.js,5,js,6fe8f723,realmabg,2025-10-17,23:27:41,-07:00,2025-10-17T23:27:41-07:00,0,2
global.js,6,js,6fe8f723,realmabg,2025-10-17,23:27:41,-07:00,2025-10-17T23:27:41-07:00,0,0
global.js,7,js,6fe8f723,realmabg,2025-10-17,23:27:41,-07:00,2025-10-17T23:27:41-07:00,0,33
global.js,8,js,6fe8f723,realmabg,2025-10-17,23:27:41,-07:00,2025-10-17T23:27:41-07:00,0,71
global.js,9,js,6fe8f723,realmabg,2025-10-17,23:27:41,-07:00,2025-10-17T23:27:41-07:00,0,3
global.js,10,js,6fe8f723,realmabg,2025-10-17,23:27:41,-07:00,2025-10-17T23:27:41-07:00,0,0
global.js,11,js,6fe8f723,realmabg,2025-10-17,23:27:41,-07:00,2025-10-17T23:27:41-07:00,0,19
global.js,12,js,6fe8f723,realmabg,2025-10-17,23:27:41,-07:00,2025-10-17T23:27:41-07:00,0,39
global.js,13,js,6fe8f723,realmabg,2025-10-17,23:27:41,-07:00,2025-10-17T23:27:41-07:00,0,40
global.js,14,js,6fe8f723,realmabg,2025-10-17,23:27:41,-07:00,2025-10-17T23:27:41-07:00,0,2
global.js,15,js,6fe8f723,realmabg,2025-10-17,23:27:41,-07:00,2025-10-17T23:27:41-07:00,0,0
global.js,16,js,6fe8f723,realmabg,2025-10-17,23:27:41,-07:00,2025-10-17T23:27:41-07:00,0,0
global.js,17,js,6fe8f723,realmabg,2025-10-17,23:27:41,-07:00,2025-10-17T23:27:41-07:00,0,0
global.js,18,js,6fe8f723,realmabg,2025-10-17,23:27:41,-07:00,2025-10-17T23:27:41-07:00,0,11
global.js,19,js,6fe8f723,realmabg,2025-10-17,23:27:41,-07:00,2025-10-17T23:27:41-07:00,1,25
global.js,20,js,6fe8f723,realmabg,2025-10-17,23:27:41,-07:00,2025-10-17T23:27:41-07:00,1,38
global.js,21,js,6fe8f723,realmabg,2025-10-17,23:27:41,-07:00,2025-10-17T23:27:41-07:00,1,34
global.js,22,js,6fe8f723,realmabg,2025-10-17,23:27:41,-07:00,2025-10-17T23:27:41-07:00,1,36
global.js,23,js,93f03280,realmabg,2025-11-06,14:31:14,-08:00,2025-11-06T14:31:14-08:00,1,38
global.js,24,js,6fe8f723,realmabg,2025-10-17,23:27:41,-07:00,2025-10-17T23:27:41-07:00,0,0
global.js,25,js,6fe8f723,realmabg,2025-10-17,23:27:41,-07:00,2025-10-17T23:27:41-07:00,0,0
global.js,26,js,6fe8f723,realmabg,2025-10-17,23:27:41,-07:00,2025-10-17T23:27:41-07:00,0,0
global.js,27,js,6fe8f723,realmabg,2025-10-17,23:27:41,-07:00,2025-10-17T23:27:41-07:00,0,0
global.js,28,js,6fe8f723,realmabg,2025-10-17,23:27:41,-07:00,2025-10-17T23:27:41-07:00,0,38
global.js,29,js,6fe8f723,realmabg,2025-10-17,23:27:41,-07:00,2025-10-17T23:27:41-07:00,0,25
global.js,30,js,6fe8f723,realmabg,2025-10-17,23:27:41,-07:00,2025-10-17T23:27:41-07:00,0,0
global.js,31,js,6fe8f723,realmabg,2025-10-17,23:27:41,-07:00,2025-10-17T23:27:41-07:00,0,88
global.js,32,js,6fe8f723,realmabg,2025-10-17,23:27:41,-07:00,2025-10-17T23:27:41-07:00,1,3
global.js,33,js,6fe8f723,realmabg,2025-10-17,23:27:41,-07:00,2025-10-17T23:27:41-07:00,1,14
global.js,34,js,6fe8f723,realmabg,2025-10-17,23:27:41,-07:00,2025-10-17T23:27:41-07:00,0,0
global.js,35,js,6fe8f723,realmabg,2025-10-17,23:27:41,-07:00,2025-10-17T23:27:41-07:00,0,20
global.js,36,js,6fe8f723,realmabg,2025-10-17,23:27:41,-07:00,2025-10-17T23:27:41-07:00,1,14
global.js,37,js,6fe8f723,realmabg,2025-10-17,23:27:41,-07:00,2025-10-17T23:27:41-07:00,1,18
global.js,38,js,6fe8f723,realmabg,2025-10-17,23:27:41,-07:00,2025-10-17T23:27:41-07:00,1,52
global.js,39,js,6fe8f723,realmabg,2025-10-17,23:27:41,-07:00,2025-10-17T23:27:41-07:00,0,0
global.js,40,js,6fe8f723,realmabg,2025-10-17,23:27:41,-07:00,2025-10-17T23:27:41-07:00,1,34
global.js,41,js,6fe8f723,realmabg,2025-10-17,23:27:41,-07:00,2025-10-17T23:27:41-07:00,0,11
global.js,42,js,6fe8f723,realmabg,2025-10-17,23:27:41,-07:00,2025-10-17T23:27:41-07:00,0,20
global.js,43,js,6fe8f723,realmabg,2025-10-17,23:27:41,-07:00,2025-10-17T23:27:41-07:00,0,12
global.js,44,js,6fe8f723,realmabg,2025-10-17,23:27:41,-07:00,2025-10-17T23:27:41-07:00,0,65
global.js,45,js,6fe8f723,realmabg,2025-10-17,23:27:41,-07:00,2025-10-17T23:27:41-07:00,1,25
global.js,46,js,6fe8f723,realmabg,2025-10-17,23:27:41,-07:00,2025-10-17T23:27:41-07:00,0,0
global.js,47,js,6fe8f723,realmabg,2025-10-17,23:27:41,-07:00,2025-10-17T23:27:41-07:00,0,0
global.js,48,js,6fe8f723,realmabg,2025-10-17,23:27:41,-07:00,2025-10-17T23:27:41-07:00,0,0
global.js,49,js,6fe8f723,realmabg,2025-10-17,23:27:41,-07:00,2025-10-17T23:27:41-07:00,0,0
global.js,50,js,6fe8f723,realmabg,2025-10-17,23:27:41,-07:00,2025-10-17T23:27:41-07:00,0,31
global.js,51,js,6fe8f723,realmabg,2025-10-17,23:27:41,-07:00,2025-10-17T23:27:41-07:00,1,11
global.js,52,js,6fe8f723,realmabg,2025-10-17,23:27:41,-07:00,2025-10-17T23:27:41-07:00,1,0
global.js,53,js,6fe8f723,realmabg,2025-10-17,23:27:41,-07:00,2025-10-17T23:27:41-07:00,1,26
global.js,54,js,6fe8f723,realmabg,2025-10-17,23:27:41,-07:00,2025-10-17T23:27:41-07:00,2,4
global.js,55,js,6fe8f723,realmabg,2025-10-17,23:27:41,-07:00,2025-10-17T23:27:41-07:00,2,6
global.js,56,js,6fe8f723,realmabg,2025-10-17,23:27:41,-07:00,2025-10-17T23:27:41-07:00,3,52
global.js,57,js,6fe8f723,realmabg,2025-10-17,23:27:41,-07:00,2025-10-17T23:27:41-07:00,3,34
global.js,58,js,6fe8f723,realmabg,2025-10-17,23:27:41,-07:00,2025-10-17T23:27:41-07:00,3,32
global.js,59,js,6fe8f723,realmabg,2025-10-17,23:27:41,-07:00,2025-10-17T23:27:41-07:00,2,7
global.js,60,js,6fe8f723,realmabg,2025-10-17,23:27:41,-07:00,2025-10-17T23:27:41-07:00,1,6
global.js,61,js,6fe8f723,realmabg,2025-10-17,23:27:41,-07:00,2025-10-17T23:27:41-07:00,1,0
global.js,62,js,6fe8f723,realmabg,2025-10-17,23:27:41,-07:00,2025-10-17T23:27:41-07:00,0,0
global.js,63,js,6fe8f723,realmabg,2025-10-17,23:27:41,-07:00,2025-10-17T23:27:41-07:00,0,0
global.js,64,js,6fe8f723,realmabg,2025-10-17,23:27:41,-07:00,2025-10-17T23:27:41-07:00,0,60
global.js,65,js,6fe8f723,realmabg,2025-10-17,23:27:41,-07:00,2025-10-17T23:27:41-07:00,0,34
global.js,66,js,6fe8f723,realmabg,2025-10-17,23:27:41,-07:00,2025-10-17T23:27:41-07:00,0,0
global.js,67,js,6fe8f723,realmabg,2025-10-17,23:27:41,-07:00,2025-10-17T23:27:41-07:00,1,83
global.js,68,js,6fe8f723,realmabg,2025-10-17,23:27:41,-07:00,2025-10-17T23:27:41-07:00,0,0
global.js,69,js,6fe8f723,realmabg,2025-10-17,23:27:41,-07:00,2025-10-17T23:27:41-07:00,1,38
global.js,70,js,6fe8f723,realmabg,2025-10-17,23:27:41,-07:00,2025-10-17T23:27:41-07:00,0,6
global.js,71,js,6fe8f723,realmabg,2025-10-17,23:27:41,-07:00,2025-10-17T23:27:41-07:00,1,71
global.js,72,js,6fe8f723,realmabg,2025-10-17,23:27:41,-07:00,2025-10-17T23:27:41-07:00,0,0
global.js,73,js,6fe8f723,realmabg,2025-10-17,23:27:41,-07:00,2025-10-17T23:27:41-07:00,0,0
global.js,74,js,6fe8f723,realmabg,2025-10-17,23:27:41,-07:00,2025-10-17T23:27:41-07:00,0,0
global.js,75,js,6fe8f723,realmabg,2025-10-17,23:27:41,-07:00,2025-10-17T23:27:41-07:00,0,49
global.js,76,js,6fe8f723,realmabg,2025-10-17,23:27:41,-07:00,2025-10-17T23:27:41-07:00,1,57
global.js,77,js,6fe8f723,realmabg,2025-10-17,23:27:41,-07:00,2025-10-17T23:27:41-07:00,1,77
global.js,78,js,6fe8f723,realmabg,2025-10-17,23:27:41,-07:00,2025-10-17T23:27:41-07:00,1,44
global.js,79,js,5e81d992,realmabg,2025-10-23,02:32:01,-07:00,2025-10-23T02:32:01-07:00,0,1
global.js,80,js,5e81d992,realmabg,2025-10-23,02:32:01,-07:00,2025-10-23T02:32:01-07:00,0,0
global.js,81,js,5e81d992,realmabg,2025-10-23,02:32:01,-07:00,2025-10-23T02:32:01-07:00,0,0
global.js,82,js,5e81d992,realmabg,2025-10-23,02:32:01,-07:00,2025-10-23T02:32:01-07:00,0,36
global.js,83,js,5e81d992,realmabg,2025-10-23,02:32:01,-07:00,2025-10-23T02:32:01-07:00,1,3
global.js,84,js,5e81d992,realmabg,2025-10-23,02:32:01,-07:00,2025-10-23T02:32:01-07:00,2,39
global.js,85,js,5e81d992,realmabg,2025-10-23,02:32:01,-07:00,2025-10-23T02:32:01-07:00,2,32
global.js,86,js,5e81d992,realmabg,2025-10-23,02:32:01,-07:00,2025-10-23T02:32:01-07:00,2,20
global.js,87,js,5e81d992,realmabg,2025-10-23,02:32:01,-07:00,2025-10-23T02:32:01-07:00,2,17
global.js,88,js,5e81d992,realmabg,2025-10-23,02:32:01,-07:00,2025-10-23T02:32:01-07:00,3,66
global.js,89,js,5e81d992,realmabg,2025-10-23,02:32:01,-07:00,2025-10-23T02:32:01-07:00,2,0
global.js,90,js,5e81d992,realmabg,2025-10-23,02:32:01,-07:00,2025-10-23T02:32:01-07:00,2,33
global.js,91,js,5e81d992,realmabg,2025-10-23,02:32:01,-07:00,2025-10-23T02:32:01-07:00,2,10
global.js,92,js,5e81d992,realmabg,2025-10-23,02:32:01,-07:00,2025-10-23T02:32:01-07:00,1,15
global.js,93,js,5e81d992,realmabg,2025-10-23,02:32:01,-07:00,2025-10-23T02:32:01-07:00,2,59
global.js,94,js,5e81d992,realmabg,2025-10-23,02:32:01,-07:00,2025-10-23T02:32:01-07:00,1,0
global.js,95,js,5e81d992,realmabg,2025-10-23,02:32:01,-07:00,2025-10-23T02:32:01-07:00,0,0
global.js,96,js,5e81d992,realmabg,2025-10-23,02:32:01,-07:00,2025-10-23T02:32:01-07:00,0,0
global.js,97,js,5e81d992,realmabg,2025-10-23,02:32:01,-07:00,2025-10-23T02:32:01-07:00,0,79
global.js,98,js,5e81d992,realmabg,2025-10-23,02:32:01,-07:00,2025-10-23T02:32:01-07:00,1,30
global.js,99,js,5e81d992,realmabg,2025-10-23,02:32:01,-07:00,2025-10-23T02:32:01-07:00,1,22
global.js,100,js,5e81d992,realmabg,2025-10-23,02:32:01,-07:00,2025-10-23T02:32:01-07:00,2,58
global.js,101,js,5e81d992,realmabg,2025-10-23,02:32:01,-07:00,2025-10-23T02:32:01-07:00,2,5
global.js,102,js,5e81d992,realmabg,2025-10-23,02:32:01,-07:00,2025-10-23T02:32:01-07:00,1,0
global.js,103,js,5e81d992,realmabg,2025-10-23,02:32:01,-07:00,2025-10-23T02:32:01-07:00,0,0
global.js,104,js,5e81d992,realmabg,2025-10-23,02:32:01,-07:00,2025-10-23T02:32:01-07:00,1,31
global.js,105,js,5e81d992,realmabg,2025-10-23,02:32:01,-07:00,2025-10-23T02:32:01-07:00,2,48
global.js,106,js,5e81d992,realmabg,2025-10-23,02:32:01,-07:00,2025-10-23T02:32:01-07:00,2,19
global.js,107,js,5e81d992,realmabg,2025-10-23,02:32:01,-07:00,2025-10-23T02:32:01-07:00,3,49
global.js,108,js,5e81d992,realmabg,2025-10-23,02:32:01,-07:00,2025-10-23T02:32:01-07:00,3,49
global.js,109,js,ab2beb80,realmabg,2025-11-01,01:46:51,-07:00,2025-11-01T01:46:51-07:00,3,3
global.js,110,js,5e81d992,realmabg,2025-10-23,02:32:01,-07:00,2025-10-23T02:32:01-07:00,3,27
global.js,111,js,ab2beb80,realmabg,2025-11-01,01:46:51,-07:00,2025-11-01T01:46:51-07:00,3,41
global.js,112,js,ab2beb80,realmabg,2025-11-01,01:46:51,-07:00,2025-11-01T01:46:51-07:00,3,4
global.js,113,js,5e81d992,realmabg,2025-10-23,02:32:01,-07:00,2025-10-23T02:32:01-07:00,2,0
global.js,114,js,5e81d992,realmabg,2025-10-23,02:32:01,-07:00,2025-10-23T02:32:01-07:00,2,36
global.js,115,js,5e81d992,realmabg,2025-10-23,02:32:01,-07:00,2025-10-23T02:32:01-07:00,1,0
global.js,116,js,5e81d992,realmabg,2025-10-23,02:32:01,-07:00,2025-10-23T02:32:01-07:00,0,0
global.js,117,js,5e81d992,realmabg,2025-10-23,02:32:01,-07:00,2025-10-23T02:32:01-07:00,0,0
global.js,118,js,5e81d992,realmabg,2025-10-23,02:32:01,-07:00,2025-10-23T02:32:01-07:00,0,47
global.js,119,js,5e81d992,realmabg,2025-10-23,02:32:01,-07:00,2025-10-23T02:32:01-07:00,1,59
global.js,120,js,5e81d992,realmabg,2025-10-23,02:32:01,-07:00,2025-10-23T02:32:01-07:00,0,0
global.js,121,js,5e81d992,realmabg,2025-10-23,02:32:01,-07:00,2025-10-23T02:32:01-07:00,0,0
resume/index.html,1,html,f8e99429,realmabg,2025-10-03,13:49:36,-07:00,2025-10-03T13:49:36-07:00,0,13
resume/index.html,2,html,f8e99429,realmabg,2025-10-03,13:49:36,-07:00,2025-10-03T13:49:36-07:00,0,14
resume/index.html,3,html,f8e99429,realmabg,2025-10-03,13:49:36,-07:00,2025-10-03T13:49:36-07:00,0,4
resume/index.html,4,html,f8e99429,realmabg,2025-10-03,13:49:36,-07:00,2025-10-03T13:49:36-07:00,2,20
resume/index.html,5,html,f8e99429,realmabg,2025-10-03,13:49:36,-07:00,2025-10-03T13:49:36-07:00,2,68
resume/index.html,6,html,966bacb1,realmabg,2025-10-11,22:04:03,-07:00,2025-10-11T22:04:03-07:00,2,43
resume/index.html,7,html,f8e99429,realmabg,2025-10-03,13:49:36,-07:00,2025-10-03T13:49:36-07:00,2,19
resume/index.html,8,html,489007cb,realmabg,2025-10-11,22:16:43,-07:00,2025-10-11T22:16:43-07:00,2,26
resume/index.html,9,html,6fe8f723,realmabg,2025-10-17,23:27:41,-07:00,2025-10-17T23:27:41-07:00,2,48
resume/index.html,10,html,f8e99429,realmabg,2025-10-03,13:49:36,-07:00,2025-10-03T13:49:36-07:00,0,5
resume/index.html,11,html,f8e99429,realmabg,2025-10-03,13:49:36,-07:00,2025-10-03T13:49:36-07:00,0,4
resume/index.html,12,html,0164aadb,realmabg,2025-10-11,21:46:15,-07:00,2025-10-11T21:46:15-07:00,1,3
resume/index.html,13,html,0164aadb,realmabg,2025-10-11,21:46:15,-07:00,2025-10-11T21:46:15-07:00,1,2
resume/index.html,14,html,6fe8f723,realmabg,2025-10-17,23:27:41,-07:00,2025-10-17T23:27:41-07:00,2,67
resume/index.html,15,html,0164aadb,realmabg,2025-10-11,21:46:15,-07:00,2025-10-11T21:46:15-07:00,2,86
resume/index.html,16,html,0164aadb,realmabg,2025-10-11,21:46:15,-07:00,2025-10-11T21:46:15-07:00,2,84
resume/index.html,17,html,6fe8f723,realmabg,2025-10-17,23:27:41,-07:00,2025-10-17T23:27:41-07:00,2,82
resume/index.html,18,html,6fe8f723,realmabg,2025-10-17,23:27:41,-07:00,2025-10-17T23:27:41-07:00,2,75
resume/index.html,19,html,0164aadb,realmabg,2025-10-11,21:46:15,-07:00,2025-10-11T21:46:15-07:00,1,3
resume/index.html,20,html,0164aadb,realmabg,2025-10-11,21:46:15,-07:00,2025-10-11T21:46:15-07:00,1,4
resume/index.html,21,html,f8e99429,realmabg,2025-10-03,13:49:36,-07:00,2025-10-03T13:49:36-07:00,1,6
resume/index.html,22,html,966bacb1,realmabg,2025-10-11,22:04:03,-07:00,2025-10-11T22:04:03-07:00,2,13
resume/index.html,23,html,f8e99429,realmabg,2025-10-03,13:49:36,-07:00,2025-10-03T13:49:36-07:00,2,1
resume/index.html,24,html,f8e99429,realmabg,2025-10-03,13:49:36,-07:00,2025-10-03T13:49:36-07:00,3,60
resume/index.html,25,html,f8e99429,realmabg,2025-10-03,13:49:36,-07:00,2025-10-03T13:49:36-07:00,3,77
resume/index.html,26,html,f8e99429,realmabg,2025-10-03,13:49:36,-07:00,2025-10-03T13:49:36-07:00,2,2
resume/index.html,27,html,f8e99429,realmabg,2025-10-03,13:49:36,-07:00,2025-10-03T13:49:36-07:00,1,7
resume/index.html,28,html,f8e99429,realmabg,2025-10-03,13:49:36,-07:00,2025-10-03T13:49:36-07:00,0,0
resume/index.html,29,html,f8e99429,realmabg,2025-10-03,13:49:36,-07:00,2025-10-03T13:49:36-07:00,1,4
resume/index.html,30,html,f8e99429,realmabg,2025-10-03,13:49:36,-07:00,2025-10-03T13:49:36-07:00,2,7
resume/index.html,31,html,f8e99429,realmabg,2025-10-03,13:49:36,-07:00,2025-10-03T13:49:36-07:00,3,33
resume/index.html,32,html,f8e99429,realmabg,2025-10-03,13:49:36,-07:00,2025-10-03T13:49:36-07:00,3,7
resume/index.html,33,html,f8e99429,realmabg,2025-10-03,13:49:36,-07:00,2025-10-03T13:49:36-07:00,4,42
resume/index.html,34,html,f8e99429,realmabg,2025-10-03,13:49:36,-07:00,2025-10-03T13:49:36-07:00,4,126
resume/index.html,35,html,f8e99429,realmabg,2025-10-03,13:49:36,-07:00,2025-10-03T13:49:36-07:00,4,27
resume/index.html,36,html,f8e99429,realmabg,2025-10-03,13:49:36,-07:00,2025-10-03T13:49:36-07:00,4,1
resume/index.html,37,html,f8e99429,realmabg,2025-10-03,13:49:36,-07:00,2025-10-03T13:49:36-07:00,5,10
resume/index.html,38,html,f8e99429,realmabg,2025-10-03,13:49:36,-07:00,2025-10-03T13:49:36-07:00,4,2
resume/index.html,39,html,f8e99429,realmabg,2025-10-03,13:49:36,-07:00,2025-10-03T13:49:36-07:00,4,25
resume/index.html,40,html,f8e99429,realmabg,2025-10-03,13:49:36,-07:00,2025-10-03T13:49:36-07:00,4,26
resume/index.html,41,html,f8e99429,realmabg,2025-10-03,13:49:36,-07:00,2025-10-03T13:49:36-07:00,4,2
resume/index.html,42,html,f8e99429,realmabg,2025-10-03,13:49:36,-07:00,2025-10-03T13:49:36-07:00,5,62
resume/index.html,43,html,f8e99429,realmabg,2025-10-03,13:49:36,-07:00,2025-10-03T13:49:36-07:00,5,58
resume/index.html,44,html,f8e99429,realmabg,2025-10-03,13:49:36,-07:00,2025-10-03T13:49:36-07:00,5,59
resume/index.html,45,html,f8e99429,realmabg,2025-10-03,13:49:36,-07:00,2025-10-03T13:49:36-07:00,5,41
resume/index.html,46,html,f8e99429,realmabg,2025-10-03,13:49:36,-07:00,2025-10-03T13:49:36-07:00,5,41
resume/index.html,47,html,f8e99429,realmabg,2025-10-03,13:49:36,-07:00,2025-10-03T13:49:36-07:00,5,42
resume/index.html,48,html,f8e99429,realmabg,2025-10-03,13:49:36,-07:00,2025-10-03T13:49:36-07:00,5,47
resume/index.html,49,html,f8e99429,realmabg,2025-10-03,13:49:36,-07:00,2025-10-03T13:49:36-07:00,0,0
resume/index.html,50,html,f8e99429,realmabg,2025-10-03,13:49:36,-07:00,2025-10-03T13:49:36-07:00,4,3
resume/index.html,51,html,f8e99429,realmabg,2025-10-03,13:49:36,-07:00,2025-10-03T13:49:36-07:00,4,39
resume/index.html,52,html,f8e99429,realmabg,2025-10-03,13:49:36,-07:00,2025-10-03T13:49:36-07:00,4,2
resume/index.html,53,html,f8e99429,realmabg,2025-10-03,13:49:36,-07:00,2025-10-03T13:49:36-07:00,5,64
resume/index.html,54,html,f8e99429,realmabg,2025-10-03,13:49:36,-07:00,2025-10-03T13:49:36-07:00,5,78
resume/index.html,55,html,f8e99429,realmabg,2025-10-03,13:49:36,-07:00,2025-10-03T13:49:36-07:00,4,3
resume/index.html,56,html,f8e99429,realmabg,2025-10-03,13:49:36,-07:00,2025-10-03T13:49:36-07:00,3,8
resume/index.html,57,html,f8e99429,realmabg,2025-10-03,13:49:36,-07:00,2025-10-03T13:49:36-07:00,2,8
resume/index.html,58,html,f8e99429,realmabg,2025-10-03,13:49:36,-07:00,2025-10-03T13:49:36-07:00,0,0
resume/index.html,59,html,f8e99429,realmabg,2025-10-03,13:49:36,-07:00,2025-10-03T13:49:36-07:00,0,0
resume/index.html,60,html,f8e99429,realmabg,2025-10-03,13:49:36,-07:00,2025-10-03T13:49:36-07:00,2,7
resume/index.html,61,html,f8e99429,realmabg,2025-10-03,13:49:36,-07:00,2025-10-03T13:49:36-07:00,3,32
resume/index.html,62,html,f8e99429,realmabg,2025-10-03,13:49:36,-07:00,2025-10-03T13:49:36-07:00,0,0
resume/index.html,63,html,f8e99429,realmabg,2025-10-03,13:49:36,-07:00,2025-10-03T13:49:36-07:00,3,7
resume/index.html,64,html,f8e99429,realmabg,2025-10-03,13:49:36,-07:00,2025-10-03T13:49:36-07:00,4,6
resume/index.html,65,html,f8e99429,realmabg,2025-10-03,13:49:36,-07:00,2025-10-03T13:49:36-07:00,5,74
resume/index.html,66,html,f8e99429,realmabg,2025-10-03,13:49:36,-07:00,2025-10-03T13:49:36-07:00,5,87
resume/index.html,67,html,f8e99429,realmabg,2025-10-03,13:49:36,-07:00,2025-10-03T13:49:36-07:00,4,7
resume/index.html,68,html,f8e99429,realmabg,2025-10-03,13:49:36,-07:00,2025-10-03T13:49:36-07:00,4,2
resume/index.html,69,html,f8e99429,realmabg,2025-10-03,13:49:36,-07:00,2025-10-03T13:49:36-07:00,6,0
resume/index.html,70,html,f8e99429,realmabg,2025-10-03,13:49:36,-07:00,2025-10-03T13:49:36-07:00,2,144
resume/index.html,71,html,f8e99429,realmabg,2025-10-03,13:49:36,-07:00,2025-10-03T13:49:36-07:00,2,46
resume/index.html,72,html,f8e99429,realmabg,2025-10-03,13:49:36,-07:00,2025-10-03T13:49:36-07:00,1,3
resume/index.html,73,html,f8e99429,realmabg,2025-10-03,13:49:36,-07:00,2025-10-03T13:49:36-07:00,3,8
resume/index.html,74,html,f8e99429,realmabg,2025-10-03,13:49:36,-07:00,2025-10-03T13:49:36-07:00,3,0
resume/index.html,75,html,f8e99429,realmabg,2025-10-03,13:49:36,-07:00,2025-10-03T13:49:36-07:00,3,7
resume/index.html,76,html,f8e99429,realmabg,2025-10-03,13:49:36,-07:00,2025-10-03T13:49:36-07:00,4,6
resume/index.html,77,html,f8e99429,realmabg,2025-10-03,13:49:36,-07:00,2025-10-03T13:49:36-07:00,5,33
resume/index.html,78,html,f8e99429,realmabg,2025-10-03,13:49:36,-07:00,2025-10-03T13:49:36-07:00,5,88
resume/index.html,79,html,f8e99429,realmabg,2025-10-03,13:49:36,-07:00,2025-10-03T13:49:36-07:00,4,7
resume/index.html,80,html,f8e99429,realmabg,2025-10-03,13:49:36,-07:00,2025-10-03T13:49:36-07:00,4,2
resume/index.html,81,html,f8e99429,realmabg,2025-10-03,13:49:36,-07:00,2025-10-03T13:49:36-07:00,5,79
resume/index.html,82,html,f8e99429,realmabg,2025-10-03,13:49:36,-07:00,2025-10-03T13:49:36-07:00,5,99
resume/index.html,83,html,f8e99429,realmabg,2025-10-03,13:49:36,-07:00,2025-10-03T13:49:36-07:00,4,3
resume/index.html,84,html,f8e99429,realmabg,2025-10-03,13:49:36,-07:00,2025-10-03T13:49:36-07:00,3,8
resume/index.html,85,html,f8e99429,realmabg,2025-10-03,13:49:36,-07:00,2025-10-03T13:49:36-07:00,0,0
resume/index.html,86,html,f8e99429,realmabg,2025-10-03,13:49:36,-07:00,2025-10-03T13:49:36-07:00,3,7
resume/index.html,87,html,f8e99429,realmabg,2025-10-03,13:49:36,-07:00,2025-10-03T13:49:36-07:00,4,6
resume/index.html,88,html,f8e99429,realmabg,2025-10-03,13:49:36,-07:00,2025-10-03T13:49:36-07:00,5,51
resume/index.html,89,html,f8e99429,realmabg,2025-10-03,13:49:36,-07:00,2025-10-03T13:49:36-07:00,5,88
resume/index.html,90,html,f8e99429,realmabg,2025-10-03,13:49:36,-07:00,2025-10-03T13:49:36-07:00,4,7
resume/index.html,91,html,f8e99429,realmabg,2025-10-03,13:49:36,-07:00,2025-10-03T13:49:36-07:00,4,2
resume/index.html,92,html,f8e99429,realmabg,2025-10-03,13:49:36,-07:00,2025-10-03T13:49:36-07:00,5,77
resume/index.html,93,html,f8e99429,realmabg,2025-10-03,13:49:36,-07:00,2025-10-03T13:49:36-07:00,5,84
resume/index.html,94,html,f8e99429,realmabg,2025-10-03,13:49:36,-07:00,2025-10-03T13:49:36-07:00,4,3
resume/index.html,95,html,f8e99429,realmabg,2025-10-03,13:49:36,-07:00,2025-10-03T13:49:36-07:00,3,8
resume/index.html,96,html,f8e99429,realmabg,2025-10-03,13:49:36,-07:00,2025-10-03T13:49:36-07:00,0,0
resume/index.html,97,html,f8e99429,realmabg,2025-10-03,13:49:36,-07:00,2025-10-03T13:49:36-07:00,3,0
resume/index.html,98,html,f8e99429,realmabg,2025-10-03,13:49:36,-07:00,2025-10-03T13:49:36-07:00,0,0
resume/index.html,99,html,f8e99429,realmabg,2025-10-03,13:49:36,-07:00,2025-10-03T13:49:36-07:00,3,7
resume/index.html,100,html,f8e99429,realmabg,2025-10-03,13:49:36,-07:00,2025-10-03T13:49:36-07:00,4,6
resume/index.html,101,html,f8e99429,realmabg,2025-10-03,13:49:36,-07:00,2025-10-03T13:49:36-07:00,5,27
resume/index.html,102,html,f8e99429,realmabg,2025-10-03,13:49:36,-07:00,2025-10-03T13:49:36-07:00,5,88
resume/index.html,103,html,f8e99429,realmabg,2025-10-03,13:49:36,-07:00,2025-10-03T13:49:36-07:00,4,7
resume/index.html,104,html,f8e99429,realmabg,2025-10-03,13:49:36,-07:00,2025-10-03T13:49:36-07:00,4,2
resume/index.html,105,html,f8e99429,realmabg,2025-10-03,13:49:36,-07:00,2025-10-03T13:49:36-07:00,5,90
resume/index.html,106,html,f8e99429,realmabg,2025-10-03,13:49:36,-07:00,2025-10-03T13:49:36-07:00,4,3
resume/index.html,107,html,f8e99429,realmabg,2025-10-03,13:49:36,-07:00,2025-10-03T13:49:36-07:00,3,8
resume/index.html,108,html,f8e99429,realmabg,2025-10-03,13:49:36,-07:00,2025-10-03T13:49:36-07:00,3,7
resume/index.html,109,html,f8e99429,realmabg,2025-10-03,13:49:36,-07:00,2025-10-03T13:49:36-07:00,4,6
resume/index.html,110,html,f8e99429,realmabg,2025-10-03,13:49:36,-07:00,2025-10-03T13:49:36-07:00,5,27
resume/index.html,111,html,f8e99429,realmabg,2025-10-03,13:49:36,-07:00,2025-10-03T13:49:36-07:00,5,88
resume/index.html,112,html,f8e99429,realmabg,2025-10-03,13:49:36,-07:00,2025-10-03T13:49:36-07:00,4,7
resume/index.html,113,html,f8e99429,realmabg,2025-10-03,13:49:36,-07:00,2025-10-03T13:49:36-07:00,4,2
resume/index.html,114,html,f8e99429,realmabg,2025-10-03,13:49:36,-07:00,2025-10-03T13:49:36-07:00,5,90
resume/index.html,115,html,f8e99429,realmabg,2025-10-03,13:49:36,-07:00,2025-10-03T13:49:36-07:00,5,49
resume/index.html,116,html,f8e99429,realmabg,2025-10-03,13:49:36,-07:00,2025-10-03T13:49:36-07:00,4,3
resume/index.html,117,html,f8e99429,realmabg,2025-10-03,13:49:36,-07:00,2025-10-03T13:49:36-07:00,3,8
resume/index.html,118,html,f8e99429,realmabg,2025-10-03,13:49:36,-07:00,2025-10-03T13:49:36-07:00,2,8
resume/index.html,119,html,f8e99429,realmabg,2025-10-03,13:49:36,-07:00,2025-10-03T13:49:36-07:00,0,0
resume/index.html,120,html,f8e99429,realmabg,2025-10-03,13:49:36,-07:00,2025-10-03T13:49:36-07:00,0,0
resume/index.html,121,html,f8e99429,realmabg,2025-10-03,13:49:36,-07:00,2025-10-03T13:49:36-07:00,2,7
resume/index.html,122,html,f8e99429,realmabg,2025-10-03,13:49:36,-07:00,2025-10-03T13:49:36-07:00,3,39
resume/index.html,123,html,f8e99429,realmabg,2025-10-03,13:49:36,-07:00,2025-10-03T13:49:36-07:00,0,0
resume/index.html,124,html,f8e99429,realmabg,2025-10-03,13:49:36,-07:00,2025-10-03T13:49:36-07:00,2,7
resume/index.html,125,html,f8e99429,realmabg,2025-10-03,13:49:36,-07:00,2025-10-03T13:49:36-07:00,4,6
resume/index.html,126,html,f8e99429,realmabg,2025-10-03,13:49:36,-07:00,2025-10-03T13:49:36-07:00,5,19
resume/index.html,127,html,f8e99429,realmabg,2025-10-03,13:49:36,-07:00,2025-10-03T13:49:36-07:00,5,49
resume/index.html,128,html,f8e99429,realmabg,2025-10-03,13:49:36,-07:00,2025-10-03T13:49:36-07:00,5,56
resume/index.html,129,html,f8e99429,realmabg,2025-10-03,13:49:36,-07:00,2025-10-03T13:49:36-07:00,4,7
resume/index.html,130,html,f8e99429,realmabg,2025-10-03,13:49:36,-07:00,2025-10-03T13:49:36-07:00,4,2
resume/index.html,131,html,f8e99429,realmabg,2025-10-03,13:49:36,-07:00,2025-10-03T13:49:36-07:00,5,147
resume/index.html,132,html,f8e99429,realmabg,2025-10-03,13:49:36,-07:00,2025-10-03T13:49:36-07:00,5,148
resume/index.html,133,html,f8e99429,realmabg,2025-10-03,13:49:36,-07:00,2025-10-03T13:49:36-07:00,5,97
resume/index.html,134,html,f8e99429,realmabg,2025-10-03,13:49:36,-07:00,2025-10-03T13:49:36-07:00,4,3
resume/index.html,135,html,f8e99429,realmabg,2025-10-03,13:49:36,-07:00,2025-10-03T13:49:36-07:00,3,8
resume/index.html,136,html,f8e99429,realmabg,2025-10-03,13:49:36,-07:00,2025-10-03T13:49:36-07:00,0,0
resume/index.html,137,html,f8e99429,realmabg,2025-10-03,13:49:36,-07:00,2025-10-03T13:49:36-07:00,3,7
resume/index.html,138,html,f8e99429,realmabg,2025-10-03,13:49:36,-07:00,2025-10-03T13:49:36-07:00,4,6
resume/index.html,139,html,f8e99429,realmabg,2025-10-03,13:49:36,-07:00,2025-10-03T13:49:36-07:00,5,46
resume/index.html,140,html,f8e99429,realmabg,2025-10-03,13:49:36,-07:00,2025-10-03T13:49:36-07:00,5,40
resume/index.html,141,html,f8e99429,realmabg,2025-10-03,13:49:36,-07:00,2025-10-03T13:49:36-07:00,5,89
resume/index.html,142,html,f8e99429,realmabg,2025-10-03,13:49:36,-07:00,2025-10-03T13:49:36-07:00,4,7
resume/index.html,143,html,f8e99429,realmabg,2025-10-03,13:49:36,-07:00,2025-10-03T13:49:36-07:00,4,2
resume/index.html,144,html,f8e99429,realmabg,2025-10-03,13:49:36,-07:00,2025-10-03T13:49:36-07:00,5,122
resume/index.html,145,html,f8e99429,realmabg,2025-10-03,13:49:36,-07:00,2025-10-03T13:49:36-07:00,5,99
resume/index.html,146,html,f8e99429,realmabg,2025-10-03,13:49:36,-07:00,2025-10-03T13:49:36-07:00,4,3
resume/index.html,147,html,f8e99429,realmabg,2025-10-03,13:49:36,-07:00,2025-10-03T13:49:36-07:00,3,8
resume/index.html,148,html,f8e99429,realmabg,2025-10-03,13:49:36,-07:00,2025-10-03T13:49:36-07:00,0,0
resume/index.html,149,html,f8e99429,realmabg,2025-10-03,13:49:36,-07:00,2025-10-03T13:49:36-07:00,3,7
resume/index.html,150,html,f8e99429,realmabg,2025-10-03,13:49:36,-07:00,2025-10-03T13:49:36-07:00,4,6
resume/index.html,151,html,f8e99429,realmabg,2025-10-03,13:49:36,-07:00,2025-10-03T13:49:36-07:00,5,23
resume/index.html,152,html,f8e99429,realmabg,2025-10-03,13:49:36,-07:00,2025-10-03T13:49:36-07:00,5,48
resume/index.html,153,html,f8e99429,realmabg,2025-10-03,13:49:36,-07:00,2025-10-03T13:49:36-07:00,5,88
resume/index.html,154,html,f8e99429,realmabg,2025-10-03,13:49:36,-07:00,2025-10-03T13:49:36-07:00,4,7
resume/index.html,155,html,f8e99429,realmabg,2025-10-03,13:49:36,-07:00,2025-10-03T13:49:36-07:00,4,2
resume/index.html,156,html,f8e99429,realmabg,2025-10-03,13:49:36,-07:00,2025-10-03T13:49:36-07:00,5,85
resume/index.html,157,html,f8e99429,realmabg,2025-10-03,13:49:36,-07:00,2025-10-03T13:49:36-07:00,4,3
resume/index.html,158,html,f8e99429,realmabg,2025-10-03,13:49:36,-07:00,2025-10-03T13:49:36-07:00,3,8
resume/index.html,159,html,f8e99429,realmabg,2025-10-03,13:49:36,-07:00,2025-10-03T13:49:36-07:00,2,8
resume/index.html,160,html,f8e99429,realmabg,2025-10-03,13:49:36,-07:00,2025-10-03T13:49:36-07:00,0,0
resume/index.html,161,html,f8e99429,realmabg,2025-10-03,13:49:36,-07:00,2025-10-03T13:49:36-07:00,2,33
resume/index.html,162,html,f8e99429,realmabg,2025-10-03,13:49:36,-07:00,2025-10-03T13:49:36-07:00,2,7
resume/index.html,163,html,f8e99429,realmabg,2025-10-03,13:49:36,-07:00,2025-10-03T13:49:36-07:00,3,50
resume/index.html,164,html,f8e99429,realmabg,2025-10-03,13:49:36,-07:00,2025-10-03T13:49:36-07:00,0,0
resume/index.html,165,html,f8e99429,realmabg,2025-10-03,13:49:36,-07:00,2025-10-03T13:49:36-07:00,3,7
resume/index.html,166,html,966bacb1,realmabg,2025-10-11,22:04:03,-07:00,2025-10-11T22:04:03-07:00,1,6
resume/index.html,167,html,966bacb1,realmabg,2025-10-11,22:04:03,-07:00,2025-10-11T22:04:03-07:00,2,23
resume/index.html,168,html,966bacb1,realmabg,2025-10-11,22:04:03,-07:00,2025-10-11T22:04:03-07:00,2,1
resume/index.html,169,html,966bacb1,realmabg,2025-10-11,22:04:03,-07:00,2025-10-11T22:04:03-07:00,3,28
resume/index.html,170,html,966bacb1,realmabg,2025-10-11,22:04:03,-07:00,2025-10-11T22:04:03-07:00,3,40
resume/index.html,171,html,966bacb1,realmabg,2025-10-11,22:04:03,-07:00,2025-10-11T22:04:03-07:00,3,42
resume/index.html,172,html,966bacb1,realmabg,2025-10-11,22:04:03,-07:00,2025-10-11T22:04:03-07:00,3,28
resume/index.html,173,html,966bacb1,realmabg,2025-10-11,22:04:03,-07:00,2025-10-11T22:04:03-07:00,3,48
resume/index.html,174,html,966bacb1,realmabg,2025-10-11,22:04:03,-07:00,2025-10-11T22:04:03-07:00,2,2
resume/index.html,175,html,966bacb1,realmabg,2025-10-11,22:04:03,-07:00,2025-10-11T22:04:03-07:00,1,7
resume/index.html,176,html,966bacb1,realmabg,2025-10-11,22:04:03,-07:00,2025-10-11T22:04:03-07:00,0,0
resume/index.html,177,html,966bacb1,realmabg,2025-10-11,22:04:03,-07:00,2025-10-11T22:04:03-07:00,1,2
resume/index.html,178,html,966bacb1,realmabg,2025-10-11,22:04:03,-07:00,2025-10-11T22:04:03-07:00,2,125
resume/index.html,179,html,966bacb1,realmabg,2025-10-11,22:04:03,-07:00,2025-10-11T22:04:03-07:00,2,76
resume/index.html,180,html,966bacb1,realmabg,2025-10-11,22:04:03,-07:00,2025-10-11T22:04:03-07:00,2,45
resume/index.html,181,html,966bacb1,realmabg,2025-10-11,22:04:03,-07:00,2025-10-11T22:04:03-07:00,2,78
resume/index.html,182,html,966bacb1,realmabg,2025-10-11,22:04:03,-07:00,2025-10-11T22:04:03-07:00,2,70
resume/index.html,183,html,966bacb1,realmabg,2025-10-11,22:04:03,-07:00,2025-10-11T22:04:03-07:00,1,3
resume/index.html,184,html,966bacb1,realmabg,2025-10-11,22:04:03,-07:00,2025-10-11T22:04:03-07:00,0,8
resume/index.html,185,html,f8e99429,realmabg,2025-10-03,13:49:36,-07:00,2025-10-03T13:49:36-07:00,3,0
resume/index.html,186,html,f8e99429,realmabg,2025-10-03,13:49:36,-07:00,2025-10-03T13:49:36-07:00,3,7
resume/index.html,187,html,f8e99429,realmabg,2025-10-03,13:49:36,-07:00,2025-10-03T13:49:36-07:00,4,6
resume/index.html,188,html,f8e99429,realmabg,2025-10-03,13:49:36,-07:00,2025-10-03T13:49:36-07:00,5,50
resume/index.html,189,html,f8e99429,realmabg,2025-10-03,13:49:36,-07:00,2025-10-03T13:49:36-07:00,5,88
resume/index.html,190,html,f8e99429,realmabg,2025-10-03,13:49:36,-07:00,2025-10-03T13:49:36-07:00,4,7
resume/index.html,191,html,f8e99429,realmabg,2025-10-03,13:49:36,-07:00,2025-10-03T13:49:36-07:00,4,2
resume/index.html,192,html,f8e99429,realmabg,2025-10-03,13:49:36,-07:00,2025-10-03T13:49:36-07:00,5,79
resume/index.html,193,html,f8e99429,realmabg,2025-10-03,13:49:36,-07:00,2025-10-03T13:49:36-07:00,5,69
resume/index.html,194,html,f8e99429,realmabg,2025-10-03,13:49:36,-07:00,2025-10-03T13:49:36-07:00,4,3
resume/index.html,195,html,f8e99429,realmabg,2025-10-03,13:49:36,-07:00,2025-10-03T13:49:36-07:00,3,8
resume/index.html,196,html,f8e99429,realmabg,2025-10-03,13:49:36,-07:00,2025-10-03T13:49:36-07:00,0,0
resume/index.html,197,html,f8e99429,realmabg,2025-10-03,13:49:36,-07:00,2025-10-03T13:49:36-07:00,3,7
resume/index.html,198,html,f8e99429,realmabg,2025-10-03,13:49:36,-07:00,2025-10-03T13:49:36-07:00,4,6
resume/index.html,199,html,f8e99429,realmabg,2025-10-03,13:49:36,-07:00,2025-10-03T13:49:36-07:00,5,60
resume/index.html,200,html,f8e99429,realmabg,2025-10-03,13:49:36,-07:00,2025-10-03T13:49:36-07:00,5,88
resume/index.html,201,html,f8e99429,realmabg,2025-10-03,13:49:36,-07:00,2025-10-03T13:49:36-07:00,4,7
resume/index.html,202,html,f8e99429,realmabg,2025-10-03,13:49:36,-07:00,2025-10-03T13:49:36-07:00,4,2
resume/index.html,203,html,f8e99429,realmabg,2025-10-03,13:49:36,-07:00,2025-10-03T13:49:36-07:00,5,97
resume/index.html,204,html,f8e99429,realmabg,2025-10-03,13:49:36,-07:00,2025-10-03T13:49:36-07:00,5,58
resume/index.html,205,html,f8e99429,realmabg,2025-10-03,13:49:36,-07:00,2025-10-03T13:49:36-07:00,4,3
resume/index.html,206,html,f8e99429,realmabg,2025-10-03,13:49:36,-07:00,2025-10-03T13:49:36-07:00,3,8
resume/index.html,207,html,f8e99429,realmabg,2025-10-03,13:49:36,-07:00,2025-10-03T13:49:36-07:00,0,0
resume/index.html,208,html,f8e99429,realmabg,2025-10-03,13:49:36,-07:00,2025-10-03T13:49:36-07:00,3,0
resume/index.html,209,html,f8e99429,realmabg,2025-10-03,13:49:36,-07:00,2025-10-03T13:49:36-07:00,0,0
resume/index.html,210,html,f8e99429,realmabg,2025-10-03,13:49:36,-07:00,2025-10-03T13:49:36-07:00,3,7
resume/index.html,211,html,f8e99429,realmabg,2025-10-03,13:49:36,-07:00,2025-10-03T13:49:36-07:00,4,6
resume/index.html,212,html,f8e99429,realmabg,2025-10-03,13:49:36,-07:00,2025-10-03T13:49:36-07:00,5,49
resume/index.html,213,html,f8e99429,realmabg,2025-10-03,13:49:36,-07:00,2025-10-03T13:49:36-07:00,5,55
resume/index.html,214,html,f8e99429,realmabg,2025-10-03,13:49:36,-07:00,2025-10-03T13:49:36-07:00,4,7
resume/index.html,215,html,f8e99429,realmabg,2025-10-03,13:49:36,-07:00,2025-10-03T13:49:36-07:00,4,2
resume/index.html,216,html,f8e99429,realmabg,2025-10-03,13:49:36,-07:00,2025-10-03T13:49:36-07:00,5,68
resume/index.html,217,html,f8e99429,realmabg,2025-10-03,13:49:36,-07:00,2025-10-03T13:49:36-07:00,4,3
resume/index.html,218,html,f8e99429,realmabg,2025-10-03,13:49:36,-07:00,2025-10-03T13:49:36-07:00,3,8
resume/index.html,219,html,f8e99429,realmabg,2025-10-03,13:49:36,-07:00,2025-10-03T13:49:36-07:00,0,0
resume/index.html,220,html,f8e99429,realmabg,2025-10-03,13:49:36,-07:00,2025-10-03T13:49:36-07:00,3,7
resume/index.html,221,html,f8e99429,realmabg,2025-10-03,13:49:36,-07:00,2025-10-03T13:49:36-07:00,4,6
resume/index.html,222,html,f8e99429,realmabg,2025-10-03,13:49:36,-07:00,2025-10-03T13:49:36-07:00,5,61
resume/index.html,223,html,f8e99429,realmabg,2025-10-03,13:49:36,-07:00,2025-10-03T13:49:36-07:00,5,55
resume/index.html,224,html,f8e99429,realmabg,2025-10-03,13:49:36,-07:00,2025-10-03T13:49:36-07:00,4,7
resume/index.html,225,html,f8e99429,realmabg,2025-10-03,13:49:36,-07:00,2025-10-03T13:49:36-07:00,4,2
resume/index.html,226,html,f8e99429,realmabg,2025-10-03,13:49:36,-07:00,2025-10-03T13:49:36-07:00,5,74
resume/index.html,227,html,f8e99429,realmabg,2025-10-03,13:49:36,-07:00,2025-10-03T13:49:36-07:00,4,3
resume/index.html,228,html,f8e99429,realmabg,2025-10-03,13:49:36,-07:00,2025-10-03T13:49:36-07:00,3,8
resume/index.html,229,html,f8e99429,realmabg,2025-10-03,13:49:36,-07:00,2025-10-03T13:49:36-07:00,2,8
resume/index.html,230,html,f8e99429,realmabg,2025-10-03,13:49:36,-07:00,2025-10-03T13:49:36-07:00,1,5
resume/index.html,231,html,966bacb1,realmabg,2025-10-11,22:04:03,-07:00,2025-10-11T22:04:03-07:00,1,0
resume/index.html,232,html,f8e99429,realmabg,2025-10-03,13:49:36,-07:00,2025-10-03T13:49:36-07:00,0,5
resume/index.html,233,html,f8e99429,realmabg,2025-10-03,13:49:36,-07:00,2025-10-03T13:49:36-07:00,0,5
projects/projects.js,1,js,5e81d992,realmabg,2025-10-23,02:32:01,-07:00,2025-10-23T02:32:01-07:00,0,55
projects/projects.js,2,js,5e81d992,realmabg,2025-10-23,02:32:01,-07:00,2025-10-23T02:32:01-07:00,0,55
projects/projects.js,3,js,5e81d992,realmabg,2025-10-23,02:32:01,-07:00,2025-10-23T02:32:01-07:00,0,60
projects/projects.js,4,js,5e81d992,realmabg,2025-10-23,02:32:01,-07:00,2025-10-23T02:32:01-07:00,0,61
projects/projects.js,5,js,5e81d992,realmabg,2025-10-23,02:32:01,-07:00,2025-10-23T02:32:01-07:00,0,48
projects/projects.js,6,js,5e81d992,realmabg,2025-10-23,02:32:01,-07:00,2025-10-23T02:32:01-07:00,0,17
projects/projects.js,7,js,5e81d992,realmabg,2025-10-23,02:32:01,-07:00,2025-10-23T02:32:01-07:00,1,28
projects/projects.js,8,js,5e81d992,realmabg,2025-10-23,02:32:01,-07:00,2025-10-23T02:32:01-07:00,1,49
projects/projects.js,9,js,5e81d992,realmabg,2025-10-23,02:32:01,-07:00,2025-10-23T02:32:01-07:00,1,46
projects/projects.js,10,js,5e81d992,realmabg,2025-10-23,02:32:01,-07:00,2025-10-23T02:32:01-07:00,0,0
projects/projects.js,11,js,ab2beb80,realmabg,2025-11-01,01:46:51,-07:00,2025-11-01T01:46:51-07:00,0,0
projects/projects.js,12,js,ab2beb80,realmabg,2025-11-01,01:46:51,-07:00,2025-11-01T01:46:51-07:00,0,63
projects/projects.js,13,js,ab2beb80,realmabg,2025-11-01,01:46:51,-07:00,2025-11-01T01:46:51-07:00,0,0
projects/projects.js,14,js,ab2beb80,realmabg,2025-11-01,01:46:51,-07:00,2025-11-01T01:46:51-07:00,0,77
projects/projects.js,15,js,ab2beb80,realmabg,2025-11-01,01:46:51,-07:00,2025-11-01T01:46:51-07:00,0,72
projects/projects.js,16,js,ab2beb80,realmabg,2025-11-01,01:46:51,-07:00,2025-11-01T01:46:51-07:00,0,0
projects/projects.js,17,js,ab2beb80,realmabg,2025-11-01,01:46:51,-07:00,2025-11-01T01:46:51-07:00,0,24
projects/projects.js,18,js,ab2beb80,realmabg,2025-11-01,01:46:51,-07:00,2025-11-01T01:46:51-07:00,0,0
projects/projects.js,19,js,ab2beb80,realmabg,2025-11-01,01:46:51,-07:00,2025-11-01T01:46:51-07:00,0,13
projects/projects.js,20,js,ab2beb80,realmabg,2025-11-01,01:46:51,-07:00,2025-11-01T01:46:51-07:00,0,53
projects/projects.js,21,js,ab2beb80,realmabg,2025-11-01,01:46:51,-07:00,2025-11-01T01:46:51-07:00,0,22
projects/projects.js,22,js,ab2beb80,realmabg,2025-11-01,01:46:51,-07:00,2025-11-01T01:46:51-07:00,0,0
projects/projects.js,23,js,ab2beb80,realmabg,2025-11-01,01:46:51,-07:00,2025-11-01T01:46:51-07:00,0,38
projects/projects.js,24,js,ab2beb80,realmabg,2025-11-01,01:46:51,-07:00,2025-11-01T01:46:51-07:00,1,36
projects/projects.js,25,js,ab2beb80,realmabg,2025-11-01,01:46:51,-07:00,2025-11-01T01:46:51-07:00,1,43
projects/projects.js,26,js,ab2beb80,realmabg,2025-11-01,01:46:51,-07:00,2025-11-01T01:46:51-07:00,1,29
projects/projects.js,27,js,ab2beb80,realmabg,2025-11-01,01:46:51,-07:00,2025-11-01T01:46:51-07:00,1,29
projects/projects.js,28,js,ab2beb80,realmabg,2025-11-01,01:46:51,-07:00,2025-11-01T01:46:51-07:00,0,0
projects/projects.js,29,js,ab2beb80,realmabg,2025-11-01,01:46:51,-07:00,2025-11-01T01:46:51-07:00,1,72
projects/projects.js,30,js,ab2beb80,realmabg,2025-11-01,01:46:51,-07:00,2025-11-01T01:46:51-07:00,0,0
projects/projects.js,31,js,ab2beb80,realmabg,2025-11-01,01:46:51,-07:00,2025-11-01T01:46:51-07:00,0,0
projects/projects.js,32,js,ab2beb80,realmabg,2025-11-01,01:46:51,-07:00,2025-11-01T01:46:51-07:00,1,82
projects/projects.js,33,js,ab2beb80,realmabg,2025-11-01,01:46:51,-07:00,2025-11-01T01:46:51-07:00,1,94
projects/projects.js,34,js,ab2beb80,realmabg,2025-11-01,01:46:51,-07:00,2025-11-01T01:46:51-07:00,0,0
projects/projects.js,35,js,ab2beb80,realmabg,2025-11-01,01:46:51,-07:00,2025-11-01T01:46:51-07:00,1,51
projects/projects.js,36,js,ab2beb80,realmabg,2025-11-01,01:46:51,-07:00,2025-11-01T01:46:51-07:00,1,42
projects/projects.js,37,js,ab2beb80,realmabg,2025-11-01,01:46:51,-07:00,2025-11-01T01:46:51-07:00,1,57
projects/projects.js,38,js,ab2beb80,realmabg,2025-11-01,01:46:51,-07:00,2025-11-01T01:46:51-07:00,1,49
projects/projects.js,39,js,ab2beb80,realmabg,2025-11-01,01:46:51,-07:00,2025-11-01T01:46:51-07:00,1,0
projects/projects.js,40,js,ab2beb80,realmabg,2025-11-01,01:46:51,-07:00,2025-11-01T01:46:51-07:00,0,0
projects/projects.js,41,js,ab2beb80,realmabg,2025-11-01,01:46:51,-07:00,2025-11-01T01:46:51-07:00,0,0
projects/projects.js,42,js,ab2beb80,realmabg,2025-11-01,01:46:51,-07:00,2025-11-01T01:46:51-07:00,1,29
projects/projects.js,43,js,ab2beb80,realmabg,2025-11-01,01:46:51,-07:00,2025-11-01T01:46:51-07:00,2,28
projects/projects.js,44,js,ab2beb80,realmabg,2025-11-01,01:46:51,-07:00,2025-11-01T01:46:51-07:00,2,16
projects/projects.js,45,js,ab2beb80,realmabg,2025-11-01,01:46:51,-07:00,2025-11-01T01:46:51-07:00,3,15
projects/projects.js,46,js,ab2beb80,realmabg,2025-11-01,01:46:51,-07:00,2025-11-01T01:46:51-07:00,3,31
projects/projects.js,47,js,ab2beb80,realmabg,2025-11-01,01:46:51,-07:00,2025-11-01T01:46:51-07:00,3,62
projects/projects.js,48,js,ab2beb80,realmabg,2025-11-01,01:46:51,-07:00,2025-11-01T01:46:51-07:00,3,18
projects/projects.js,49,js,ab2beb80,realmabg,2025-11-01,01:46:51,-07:00,2025-11-01T01:46:51-07:00,3,67
projects/projects.js,50,js,ab2beb80,realmabg,2025-11-01,01:46:51,-07:00,2025-11-01T01:46:51-07:00,0,0
projects/projects.js,51,js,ab2beb80,realmabg,2025-11-01,01:46:51,-07:00,2025-11-01T01:46:51-07:00,3,19
projects/projects.js,52,js,ab2beb80,realmabg,2025-11-01,01:46:51,-07:00,2025-11-01T01:46:51-07:00,4,24
projects/projects.js,53,js,ab2beb80,realmabg,2025-11-01,01:46:51,-07:00,2025-11-01T01:46:51-07:00,5,71
projects/projects.js,54,js,ab2beb80,realmabg,2025-11-01,01:46:51,-07:00,2025-11-01T01:46:51-07:00,4,0
projects/projects.js,55,js,ab2beb80,realmabg,2025-11-01,01:46:51,-07:00,2025-11-01T01:46:51-07:00,0,0
projects/projects.js,56,js,ab2beb80,realmabg,2025-11-01,01:46:51,-07:00,2025-11-01T01:46:51-07:00,3,20
projects/projects.js,57,js,ab2beb80,realmabg,2025-11-01,01:46:51,-07:00,2025-11-01T01:46:51-07:00,4,24
projects/projects.js,58,js,ab2beb80,realmabg,2025-11-01,01:46:51,-07:00,2025-11-01T01:46:51-07:00,5,71
projects/projects.js,59,js,ab2beb80,realmabg,2025-11-01,01:46:51,-07:00,2025-11-01T01:46:51-07:00,4,0
projects/projects.js,60,js,ab2beb80,realmabg,2025-11-01,01:46:51,-07:00,2025-11-01T01:46:51-07:00,0,0
projects/projects.js,61,js,ab2beb80,realmabg,2025-11-01,01:46:51,-07:00,2025-11-01T01:46:51-07:00,3,41
projects/projects.js,62,js,ab2beb80,realmabg,2025-11-01,01:46:51,-07:00,2025-11-01T01:46:51-07:00,3,52
projects/projects.js,63,js,ab2beb80,realmabg,2025-11-01,01:46:51,-07:00,2025-11-01T01:46:51-07:00,3,1
projects/projects.js,64,js,ab2beb80,realmabg,2025-11-01,01:46:51,-07:00,2025-11-01T01:46:51-07:00,2,1
projects/projects.js,65,js,ab2beb80,realmabg,2025-11-01,01:46:51,-07:00,2025-11-01T01:46:51-07:00,0,0
projects/projects.js,66,js,ab2beb80,realmabg,2025-11-01,01:46:51,-07:00,2025-11-01T01:46:51-07:00,0,0
projects/projects.js,67,js,ab2beb80,realmabg,2025-11-01,01:46:51,-07:00,2025-11-01T01:46:51-07:00,0,0
projects/projects.js,68,js,ab2beb80,realmabg,2025-11-01,01:46:51,-07:00,2025-11-01T01:46:51-07:00,1,25
projects/projects.js,69,js,ab2beb80,realmabg,2025-11-01,01:46:51,-07:00,2025-11-01T01:46:51-07:00,2,19
projects/projects.js,70,js,ab2beb80,realmabg,2025-11-01,01:46:51,-07:00,2025-11-01T01:46:51-07:00,2,17
projects/projects.js,71,js,ab2beb80,realmabg,2025-11-01,01:46:51,-07:00,2025-11-01T01:46:51-07:00,3,45
projects/projects.js,72,js,ab2beb80,realmabg,2025-11-01,01:46:51,-07:00,2025-11-01T01:46:51-07:00,3,71
projects/projects.js,73,js,ab2beb80,realmabg,2025-11-01,01:46:51,-07:00,2025-11-01T01:46:51-07:00,3,68
projects/projects.js,74,js,ab2beb80,realmabg,2025-11-01,01:46:51,-07:00,2025-11-01T01:46:51-07:00,3,18
projects/projects.js,75,js,ab2beb80,realmabg,2025-11-01,01:46:51,-07:00,2025-11-01T01:46:51-07:00,4,67
projects/projects.js,76,js,ab2beb80,realmabg,2025-11-01,01:46:51,-07:00,2025-11-01T01:46:51-07:00,0,0
projects/projects.js,77,js,ab2beb80,realmabg,2025-11-01,01:46:51,-07:00,2025-11-01T01:46:51-07:00,4,19
projects/projects.js,78,js,ab2beb80,realmabg,2025-11-01,01:46:51,-07:00,2025-11-01T01:46:51-07:00,4,24
projects/projects.js,79,js,ab2beb80,realmabg,2025-11-01,01:46:51,-07:00,2025-11-01T01:46:51-07:00,5,71
projects/projects.js,80,js,ab2beb80,realmabg,2025-11-01,01:46:51,-07:00,2025-11-01T01:46:51-07:00,4,0
projects/projects.js,81,js,ab2beb80,realmabg,2025-11-01,01:46:51,-07:00,2025-11-01T01:46:51-07:00,0,0
projects/projects.js,82,js,ab2beb80,realmabg,2025-11-01,01:46:51,-07:00,2025-11-01T01:46:51-07:00,3,20
projects/projects.js,83,js,ab2beb80,realmabg,2025-11-01,01:46:51,-07:00,2025-11-01T01:46:51-07:00,4,24
projects/projects.js,84,js,ab2beb80,realmabg,2025-11-01,01:46:51,-07:00,2025-11-01T01:46:51-07:00,5,71
projects/projects.js,85,js,ab2beb80,realmabg,2025-11-01,01:46:51,-07:00,2025-11-01T01:46:51-07:00,4,0
projects/projects.js,86,js,ab2beb80,realmabg,2025-11-01,01:46:51,-07:00,2025-11-01T01:46:51-07:00,0,0
projects/projects.js,87,js,ab2beb80,realmabg,2025-11-01,01:46:51,-07:00,2025-11-01T01:46:51-07:00,4,41
projects/projects.js,88,js,ab2beb80,realmabg,2025-11-01,01:46:51,-07:00,2025-11-01T01:46:51-07:00,3,52
projects/projects.js,89,js,ab2beb80,realmabg,2025-11-01,01:46:51,-07:00,2025-11-01T01:46:51-07:00,3,1
projects/projects.js,90,js,ab2beb80,realmabg,2025-11-01,01:46:51,-07:00,2025-11-01T01:46:51-07:00,1,1
projects/projects.js,91,js,ab2beb80,realmabg,2025-11-01,01:46:51,-07:00,2025-11-01T01:46:51-07:00,0,0
projects/projects.js,92,js,ab2beb80,realmabg,2025-11-01,01:46:51,-07:00,2025-11-01T01:46:51-07:00,0,0
projects/projects.js,93,js,ab2beb80,realmabg,2025-11-01,01:46:51,-07:00,2025-11-01T01:46:51-07:00,0,0
projects/projects.js,94,js,ab2beb80,realmabg,2025-11-01,01:46:51,-07:00,2025-11-01T01:46:51-07:00,0,24
projects/projects.js,95,js,ab2beb80,realmabg,2025-11-01,01:46:51,-07:00,2025-11-01T01:46:51-07:00,1,12
projects/projects.js,96,js,ab2beb80,realmabg,2025-11-01,01:46:51,-07:00,2025-11-01T01:46:51-07:00,1,35
projects/projects.js,97,js,ab2beb80,realmabg,2025-11-01,01:46:51,-07:00,2025-11-01T01:46:51-07:00,2,59
projects/projects.js,98,js,ab2beb80,realmabg,2025-11-01,01:46:51,-07:00,2025-11-01T01:46:51-07:00,2,42
projects/projects.js,99,js,ab2beb80,realmabg,2025-11-01,01:46:51,-07:00,2025-11-01T01:46:51-07:00,1,1
projects/projects.js,100,js,ab2beb80,realmabg,2025-11-01,01:46:51,-07:00,2025-11-01T01:46:51-07:00,0,0
projects/projects.js,101,js,ab2beb80,realmabg,2025-11-01,01:46:51,-07:00,2025-11-01T01:46:51-07:00,0,0
projects/projects.js,102,js,ab2beb80,realmabg,2025-11-01,01:46:51,-07:00,2025-11-01T01:46:51-07:00,0,23
projects/projects.js,103,js,ab2beb80,realmabg,2025-11-01,01:46:51,-07:00,2025-11-01T01:46:51-07:00,0,0
projects/projects.js,104,js,ab2beb80,realmabg,2025-11-01,01:46:51,-07:00,2025-11-01T01:46:51-07:00,0,48
projects/projects.js,105,js,ab2beb80,realmabg,2025-11-01,01:46:51,-07:00,2025-11-01T01:46:51-07:00,1,25
projects/projects.js,106,js,ab2beb80,realmabg,2025-11-01,01:46:51,-07:00,2025-11-01T01:46:51-07:00,1,41
projects/projects.js,107,js,ab2beb80,realmabg,2025-11-01,01:46:51,-07:00,2025-11-01T01:46:51-07:00,1,46
projects/projects.js,108,js,ab2beb80,realmabg,2025-11-01,01:46:51,-07:00,2025-11-01T01:46:51-07:00,1,52
projects/projects.js,109,js,ab2beb80,realmabg,2025-11-01,01:46:51,-07:00,2025-11-01T01:46:51-07:00,1,26
projects/projects.js,110,js,ab2beb80,realmabg,2025-11-01,01:46:51,-07:00,2025-11-01T01:46:51-07:00,0,1
projects/projects.js,111,js,ab2beb80,realmabg,2025-11-01,01:46:51,-07:00,2025-11-01T01:46:51-07:00,0,0
projects/projects.js,112,js,ab2beb80,realmabg,2025-11-01,01:46:51,-07:00,2025-11-01T01:46:51-07:00,0,30
projects/projects.js,113,js,ab2beb80,realmabg,2025-11-01,01:46:51,-07:00,2025-11-01T01:46:51-07:00,1,18
projects/projects.js,114,js,ab2beb80,realmabg,2025-11-01,01:46:51,-07:00,2025-11-01T01:46:51-07:00,0,0
projects/projects.js,115,js,ab2beb80,realmabg,2025-11-01,01:46:51,-07:00,2025-11-01T01:46:51-07:00,1,33
projects/projects.js,116,js,ab2beb80,realmabg,2025-11-01,01:46:51,-07:00,2025-11-01T01:46:51-07:00,2,28
projects/projects.js,117,js,ab2beb80,realmabg,2025-11-01,01:46:51,-07:00,2025-11-01T01:46:51-07:00,2,21
projects/projects.js,118,js,ab2beb80,realmabg,2025-11-01,01:46:51,-07:00,2025-11-01T01:46:51-07:00,3,51
projects/projects.js,119,js,ab2beb80,realmabg,2025-11-01,01:46:51,-07:00,2025-11-01T01:46:51-07:00,2,0
projects/projects.js,120,js,ab2beb80,realmabg,2025-11-01,01:46:51,-07:00,2025-11-01T01:46:51-07:00,1,0
projects/projects.js,121,js,ab2beb80,realmabg,2025-11-01,01:46:51,-07:00,2025-11-01T01:46:51-07:00,0,0
projects/projects.js,122,js,ab2beb80,realmabg,2025-11-01,01:46:51,-07:00,2025-11-01T01:46:51-07:00,0,0
projects/projects.js,123,js,ab2beb80,realmabg,2025-11-01,01:46:51,-07:00,2025-11-01T01:46:51-07:00,1,25
projects/projects.js,124,js,ab2beb80,realmabg,2025-11-01,01:46:51,-07:00,2025-11-01T01:46:51-07:00,2,63
projects/projects.js,125,js,ab2beb80,realmabg,2025-11-01,01:46:51,-07:00,2025-11-01T01:46:51-07:00,1,0
projects/projects.js,126,js,ab2beb80,realmabg,2025-11-01,01:46:51,-07:00,2025-11-01T01:46:51-07:00,0,0
projects/projects.js,127,js,ab2beb80,realmabg,2025-11-01,01:46:51,-07:00,2025-11-01T01:46:51-07:00,1,10
projects/projects.js,128,js,ab2beb80,realmabg,2025-11-01,01:46:51,-07:00,2025-11-01T01:46:51-07:00,0,0
projects/projects.js,129,js,ab2beb80,realmabg,2025-11-01,01:46:51,-07:00,2025-11-01T01:46:51-07:00,0,0
projects/projects.js,130,js,ab2beb80,realmabg,2025-11-01,01:46:51,-07:00,2025-11-01T01:46:51-07:00,0,35
projects/projects.js,131,js,ab2beb80,realmabg,2025-11-01,01:46:51,-07:00,2025-11-01T01:46:51-07:00,1,18
projects/projects.js,132,js,ab2beb80,realmabg,2025-11-01,01:46:51,-07:00,2025-11-01T01:46:51-07:00,1,33
projects/projects.js,133,js,ab2beb80,realmabg,2025-11-01,01:46:51,-07:00,2025-11-01T01:46:51-07:00,2,28
projects/projects.js,134,js,ab2beb80,realmabg,2025-11-01,01:46:51,-07:00,2025-11-01T01:46:51-07:00,2,21
projects/projects.js,135,js,ab2beb80,realmabg,2025-11-01,01:46:51,-07:00,2025-11-01T01:46:51-07:00,3,51
projects/projects.js,136,js,ab2beb80,realmabg,2025-11-01,01:46:51,-07:00,2025-11-01T01:46:51-07:00,2,0
projects/projects.js,137,js,ab2beb80,realmabg,2025-11-01,01:46:51,-07:00,2025-11-01T01:46:51-07:00,1,0
projects/projects.js,138,js,ab2beb80,realmabg,2025-11-01,01:46:51,-07:00,2025-11-01T01:46:51-07:00,1,10
projects/projects.js,139,js,ab2beb80,realmabg,2025-11-01,01:46:51,-07:00,2025-11-01T01:46:51-07:00,0,0
projects/index.html,1,html,b80df55f,realmabg,2025-10-02,18:37:34,-07:00,2025-10-02T18:37:34-07:00,0,13
projects/index.html,2,html,b80df55f,realmabg,2025-10-02,18:37:34,-07:00,2025-10-02T18:37:34-07:00,0,14
projects/index.html,3,html,b80df55f,realmabg,2025-10-02,18:37:34,-07:00,2025-10-02T18:37:34-07:00,0,4
projects/index.html,4,html,b80df55f,realmabg,2025-10-02,18:37:34,-07:00,2025-10-02T18:37:34-07:00,2,20
projects/index.html,5,html,b80df55f,realmabg,2025-10-02,18:37:34,-07:00,2025-10-02T18:37:34-07:00,2,68
projects/index.html,6,html,b80df55f,realmabg,2025-10-02,18:37:34,-07:00,2025-10-02T18:37:34-07:00,2,21
projects/index.html,7,html,b1e110e9,realmabg,2025-10-11,20:59:51,-07:00,2025-10-11T20:59:51-07:00,2,43
projects/index.html,8,html,6fe8f723,realmabg,2025-10-17,23:27:41,-07:00,2025-10-17T23:27:41-07:00,2,48
projects/index.html,9,html,5e81d992,realmabg,2025-10-23,02:32:01,-07:00,2025-10-23T02:32:01-07:00,1,47
projects/index.html,10,html,b80df55f,realmabg,2025-10-02,18:37:34,-07:00,2025-10-02T18:37:34-07:00,0,5
projects/index.html,11,html,b80df55f,realmabg,2025-10-02,18:37:34,-07:00,2025-10-02T18:37:34-07:00,0,4
projects/index.html,12,html,0164aadb,realmabg,2025-10-11,21:46:15,-07:00,2025-10-11T21:46:15-07:00,1,3
projects/index.html,13,html,b82ad12b,realmabg,2025-10-02,19:39:08,-07:00,2025-10-02T19:39:08-07:00,1,2
projects/index.html,14,html,6fe8f723,realmabg,2025-10-17,23:27:41,-07:00,2025-10-17T23:27:41-07:00,3,68
projects/index.html,15,html,6fe8f723,realmabg,2025-10-17,23:27:41,-07:00,2025-10-17T23:27:41-07:00,3,86
projects/index.html,16,html,b1e110e9,realmabg,2025-10-11,20:59:51,-07:00,2025-10-11T20:59:51-07:00,3,84
projects/index.html,17,html,b1e110e9,realmabg,2025-10-11,20:59:51,-07:00,2025-10-11T20:59:51-07:00,3,82
projects/index.html,18,html,6fe8f723,realmabg,2025-10-17,23:27:41,-07:00,2025-10-17T23:27:41-07:00,3,75
projects/index.html,19,html,0164aadb,realmabg,2025-10-11,21:46:15,-07:00,2025-10-11T21:46:15-07:00,2,3
projects/index.html,20,html,0164aadb,realmabg,2025-10-11,21:46:15,-07:00,2025-10-11T21:46:15-07:00,2,4
projects/index.html,21,html,5e81d992,realmabg,2025-10-23,02:32:01,-07:00,2025-10-23T02:32:01-07:00,1,38
projects/index.html,22,html,ab2beb80,realmabg,2025-11-01,01:46:51,-07:00,2025-11-01T01:46:51-07:00,1,0
projects/index.html,23,html,ab2beb80,realmabg,2025-11-01,01:46:51,-07:00,2025-11-01T01:46:51-07:00,0,0
projects/index.html,24,html,ab2beb80,realmabg,2025-11-01,01:46:51,-07:00,2025-11-01T01:46:51-07:00,0,21
projects/index.html,25,html,ab2beb80,realmabg,2025-11-01,01:46:51,-07:00,2025-11-01T01:46:51-07:00,1,52
projects/index.html,26,html,ab2beb80,realmabg,2025-11-01,01:46:51,-07:00,2025-11-01T01:46:51-07:00,1,4
projects/index.html,27,html,ab2beb80,realmabg,2025-11-01,01:46:51,-07:00,2025-11-01T01:46:51-07:00,1,17
projects/index.html,28,html,ab2beb80,realmabg,2025-11-01,01:46:51,-07:00,2025-11-01T01:46:51-07:00,1,3
projects/index.html,29,html,ab2beb80,realmabg,2025-11-01,01:46:51,-07:00,2025-11-01T01:46:51-07:00,0,4
projects/index.html,30,html,ab2beb80,realmabg,2025-11-01,01:46:51,-07:00,2025-11-01T01:46:51-07:00,0,0
projects/index.html,31,html,ab2beb80,realmabg,2025-11-01,01:46:51,-07:00,2025-11-01T01:46:51-07:00,0,4
projects/index.html,32,html,ab2beb80,realmabg,2025-11-01,01:46:51,-07:00,2025-11-01T01:46:51-07:00,1,15
projects/index.html,33,html,ab2beb80,realmabg,2025-11-01,01:46:51,-07:00,2025-11-01T01:46:51-07:00,1,11
projects/index.html,34,html,ab2beb80,realmabg,2025-11-01,01:46:51,-07:00,2025-11-01T01:46:51-07:00,1,26
projects/index.html,35,html,ab2beb80,realmabg,2025-11-01,01:46:51,-07:00,2025-11-01T01:46:51-07:00,1,31
projects/index.html,36,html,ab2beb80,realmabg,2025-11-01,01:46:51,-07:00,2025-11-01T01:46:51-07:00,0,0
projects/index.html,37,html,ab2beb80,realmabg,2025-11-01,01:46:51,-07:00,2025-11-01T01:46:51-07:00,0,0
projects/index.html,38,html,0164aadb,realmabg,2025-10-11,21:46:15,-07:00,2025-10-11T21:46:15-07:00,1,20
projects/index.html,39,html,966bacb1,realmabg,2025-10-11,22:04:03,-07:00,2025-10-11T22:04:03-07:00,0,0
projects/index.html,40,html,966bacb1,realmabg,2025-10-11,22:04:03,-07:00,2025-10-11T22:04:03-07:00,0,0
projects/index.html,41,html,5e81d992,realmabg,2025-10-23,02:32:01,-07:00,2025-10-23T02:32:01-07:00,2,12
projects/index.html,42,html,966bacb1,realmabg,2025-10-11,22:04:03,-07:00,2025-10-11T22:04:03-07:00,1,74
projects/index.html,43,html,966bacb1,realmabg,2025-10-11,22:04:03,-07:00,2025-10-11T22:04:03-07:00,1,25
projects/index.html,44,html,966bacb1,realmabg,2025-10-11,22:04:03,-07:00,2025-10-11T22:04:03-07:00,1,95
projects/index.html,45,html,966bacb1,realmabg,2025-10-11,22:04:03,-07:00,2025-10-11T22:04:03-07:00,1,184
projects/index.html,46,html,966bacb1,realmabg,2025-10-11,22:04:03,-07:00,2025-10-11T22:04:03-07:00,0,8
projects/index.html,47,html,966bacb1,realmabg,2025-10-11,22:04:03,-07:00,2025-10-11T22:04:03-07:00,0,0
projects/index.html,48,html,966bacb1,realmabg,2025-10-11,22:04:03,-07:00,2025-10-11T22:04:03-07:00,0,7
projects/index.html,49,html,966bacb1,realmabg,2025-10-11,22:04:03,-07:00,2025-10-11T22:04:03-07:00,1,33
projects/index.html,50,html,966bacb1,realmabg,2025-10-11,22:04:03,-07:00,2025-10-11T22:04:03-07:00,1,26
projects/index.html,51,html,966bacb1,realmabg,2025-10-11,22:04:03,-07:00,2025-10-11T22:04:03-07:00,1,104
projects/index.html,52,html,966bacb1,realmabg,2025-10-11,22:04:03,-07:00,2025-10-11T22:04:03-07:00,1,170
projects/index.html,53,html,966bacb1,realmabg,2025-10-11,22:04:03,-07:00,2025-10-11T22:04:03-07:00,0,8
projects/index.html,54,html,966bacb1,realmabg,2025-10-11,22:04:03,-07:00,2025-10-11T22:04:03-07:00,0,0
projects/index.html,55,html,966bacb1,realmabg,2025-10-11,22:04:03,-07:00,2025-10-11T22:04:03-07:00,0,7
projects/index.html,56,html,966bacb1,realmabg,2025-10-11,22:04:03,-07:00,2025-10-11T22:04:03-07:00,1,46
projects/index.html,57,html,966bacb1,realmabg,2025-10-11,22:04:03,-07:00,2025-10-11T22:04:03-07:00,1,26
projects/index.html,58,html,966bacb1,realmabg,2025-10-11,22:04:03,-07:00,2025-10-11T22:04:03-07:00,1,104
projects/index.html,59,html,966bacb1,realmabg,2025-10-11,22:04:03,-07:00,2025-10-11T22:04:03-07:00,1,148
projects/index.html,60,html,966bacb1,realmabg,2025-10-11,22:04:03,-07:00,2025-10-11T22:04:03-07:00,0,8
projects/index.html,61,html,966bacb1,realmabg,2025-10-11,22:04:03,-07:00,2025-10-11T22:04:03-07:00,0,0
projects/index.html,62,html,966bacb1,realmabg,2025-10-11,22:04:03,-07:00,2025-10-11T22:04:03-07:00,0,7
projects/index.html,63,html,966bacb1,realmabg,2025-10-11,22:04:03,-07:00,2025-10-11T22:04:03-07:00,1,27
projects/index.html,64,html,966bacb1,realmabg,2025-10-11,22:04:03,-07:00,2025-10-11T22:04:03-07:00,1,26
projects/index.html,65,html,966bacb1,realmabg,2025-10-11,22:04:03,-07:00,2025-10-11T22:04:03-07:00,1,98
projects/index.html,66,html,966bacb1,realmabg,2025-10-11,22:04:03,-07:00,2025-10-11T22:04:03-07:00,1,117
projects/index.html,67,html,966bacb1,realmabg,2025-10-11,22:04:03,-07:00,2025-10-11T22:04:03-07:00,0,8
projects/index.html,68,html,966bacb1,realmabg,2025-10-11,22:04:03,-07:00,2025-10-11T22:04:03-07:00,0,0
projects/index.html,69,html,966bacb1,realmabg,2025-10-11,22:04:03,-07:00,2025-10-11T22:04:03-07:00,0,7
projects/index.html,70,html,966bacb1,realmabg,2025-10-11,22:04:03,-07:00,2025-10-11T22:04:03-07:00,1,27
projects/index.html,71,html,966bacb1,realmabg,2025-10-11,22:04:03,-07:00,2025-10-11T22:04:03-07:00,1,26
projects/index.html,72,html,966bacb1,realmabg,2025-10-11,22:04:03,-07:00,2025-10-11T22:04:03-07:00,1,98
projects/index.html,73,html,966bacb1,realmabg,2025-10-11,22:04:03,-07:00,2025-10-11T22:04:03-07:00,1,134
projects/index.html,74,html,5e81d992,realmabg,2025-10-23,02:32:01,-07:00,2025-10-23T02:32:01-07:00,0,12
projects/index.html,75,html,966bacb1,realmabg,2025-10-11,22:04:03,-07:00,2025-10-11T22:04:03-07:00,0,0
projects/index.html,76,html,966bacb1,realmabg,2025-10-11,22:04:03,-07:00,2025-10-11T22:04:03-07:00,0,0
projects/index.html,77,html,966bacb1,realmabg,2025-10-11,22:04:03,-07:00,2025-10-11T22:04:03-07:00,0,0
projects/index.html,78,html,966bacb1,realmabg,2025-10-11,22:04:03,-07:00,2025-10-11T22:04:03-07:00,0,0
projects/index.html,79,html,966bacb1,realmabg,2025-10-11,22:04:03,-07:00,2025-10-11T22:04:03-07:00,0,0
projects/index.html,80,html,0164aadb,realmabg,2025-10-11,21:46:15,-07:00,2025-10-11T21:46:15-07:00,1,4
projects/index.html,81,html,ab2beb80,realmabg,2025-11-01,01:46:51,-07:00,2025-11-01T01:46:51-07:00,1,0
projects/index.html,82,html,0164aadb,realmabg,2025-10-11,21:46:15,-07:00,2025-10-11T21:46:15-07:00,1,0
projects/index.html,83,html,0164aadb,realmabg,2025-10-11,21:46:15,-07:00,2025-10-11T21:46:15-07:00,0,0
projects/index.html,84,html,b80df55f,realmabg,2025-10-02,18:37:34,-07:00,2025-10-02T18:37:34-07:00,0,5
projects/index.html,85,html,b80df55f,realmabg,2025-10-02,18:37:34,-07:00,2025-10-02T18:37:34-07:00,0,5
meta/index.html,1,html,93f03280,realmabg,2025-11-06,14:31:14,-08:00,2025-11-06T14:31:14-08:00,0,13
meta/index.html,2,html,93f03280,realmabg,2025-11-06,14:31:14,-08:00,2025-11-06T14:31:14-08:00,0,14
meta/index.html,3,html,93f03280,realmabg,2025-11-06,14:31:14,-08:00,2025-11-06T14:31:14-08:00,0,4
meta/index.html,4,html,93f03280,realmabg,2025-11-06,14:31:14,-08:00,2025-11-06T14:31:14-08:00,1,22
meta/index.html,5,html,93f03280,realmabg,2025-11-06,14:31:14,-08:00,2025-11-06T14:31:14-08:00,1,70
meta/index.html,6,html,93f03280,realmabg,2025-11-06,14:31:14,-08:00,2025-11-06T14:31:14-08:00,1,26
meta/index.html,7,html,93f03280,realmabg,2025-11-06,14:31:14,-08:00,2025-11-06T14:31:14-08:00,1,43
meta/index.html,8,html,93f03280,realmabg,2025-11-06,14:31:14,-08:00,2025-11-06T14:31:14-08:00,1,48
meta/index.html,9,html,93f03280,realmabg,2025-11-06,14:31:14,-08:00,2025-11-06T14:31:14-08:00,1,47
meta/index.html,10,html,93f03280,realmabg,2025-11-06,14:31:14,-08:00,2025-11-06T14:31:14-08:00,0,5
meta/index.html,11,html,93f03280,realmabg,2025-11-06,14:31:14,-08:00,2025-11-06T14:31:14-08:00,0,4
meta/index.html,12,html,93f03280,realmabg,2025-11-06,14:31:14,-08:00,2025-11-06T14:31:14-08:00,2,18
meta/index.html,13,html,93f03280,realmabg,2025-11-06,14:31:14,-08:00,2025-11-06T14:31:14-08:00,1,6
meta/index.html,14,html,93f03280,realmabg,2025-11-06,14:31:14,-08:00,2025-11-06T14:31:14-08:00,2,29
meta/index.html,15,html,93f03280,realmabg,2025-11-06,14:31:14,-08:00,2025-11-06T14:31:14-08:00,2,129
meta/index.html,16,html,93f03280,realmabg,2025-11-06,14:31:14,-08:00,2025-11-06T14:31:14-08:00,1,7
meta/index.html,17,html,93f03280,realmabg,2025-11-06,14:31:14,-08:00,2025-11-06T14:31:14-08:00,0,5
meta/index.html,18,html,93f03280,realmabg,2025-11-06,14:31:14,-08:00,2025-11-06T14:31:14-08:00,0,5
contact/index.html,1,html,b80df55f,realmabg,2025-10-02,18:37:34,-07:00,2025-10-02T18:37:34-07:00,0,13
contact/index.html,2,html,b80df55f,realmabg,2025-10-02,18:37:34,-07:00,2025-10-02T18:37:34-07:00,0,14
contact/index.html,3,html,b80df55f,realmabg,2025-10-02,18:37:34,-07:00,2025-10-02T18:37:34-07:00,0,4
contact/index.html,4,html,b80df55f,realmabg,2025-10-02,18:37:34,-07:00,2025-10-02T18:37:34-07:00,2,20
contact/index.html,5,html,b80df55f,realmabg,2025-10-02,18:37:34,-07:00,2025-10-02T18:37:34-07:00,2,68
contact/index.html,6,html,0164aadb,realmabg,2025-10-11,21:46:15,-07:00,2025-10-11T21:46:15-07:00,2,43
contact/index.html,7,html,b80df55f,realmabg,2025-10-02,18:37:34,-07:00,2025-10-02T18:37:34-07:00,2,20
contact/index.html,8,html,6fe8f723,realmabg,2025-10-17,23:27:41,-07:00,2025-10-17T23:27:41-07:00,2,48
contact/index.html,9,html,b80df55f,realmabg,2025-10-02,18:37:34,-07:00,2025-10-02T18:37:34-07:00,0,5
contact/index.html,10,html,b80df55f,realmabg,2025-10-02,18:37:34,-07:00,2025-10-02T18:37:34-07:00,0,4
contact/index.html,11,html,0164aadb,realmabg,2025-10-11,21:46:15,-07:00,2025-10-11T21:46:15-07:00,1,3
contact/index.html,12,html,6fe8f723,realmabg,2025-10-17,23:27:41,-07:00,2025-10-17T23:27:41-07:00,1,7
contact/index.html,13,html,f8e99429,realmabg,2025-10-03,13:49:36,-07:00,2025-10-03T13:49:36-07:00,2,62
contact/index.html,14,html,d3c94ef0,realmabg,2025-10-03,14:07:46,-07:00,2025-10-03T14:07:46-07:00,2,86
contact/index.html,15,html,6fe8f723,realmabg,2025-10-17,23:27:41,-07:00,2025-10-17T23:27:41-07:00,2,84
contact/index.html,16,html,d3c94ef0,realmabg,2025-10-03,14:07:46,-07:00,2025-10-03T14:07:46-07:00,2,82
contact/index.html,17,html,f8e99429,realmabg,2025-10-03,13:49:36,-07:00,2025-10-03T13:49:36-07:00,2,71
contact/index.html,18,html,6fe8f723,realmabg,2025-10-17,23:27:41,-07:00,2025-10-17T23:27:41-07:00,1,7
contact/index.html,19,html,0164aadb,realmabg,2025-10-11,21:46:15,-07:00,2025-10-11T21:46:15-07:00,0,4
contact/index.html,20,html,0164aadb,realmabg,2025-10-11,21:46:15,-07:00,2025-10-11T21:46:15-07:00,1,17
contact/index.html,21,html,0164aadb,realmabg,2025-10-11,21:46:15,-07:00,2025-10-11T21:46:15-07:00,2,0
contact/index.html,22,html,b82ad12b,realmabg,2025-10-02,19:39:08,-07:00,2025-10-02T19:39:08-07:00,0,71
contact/index.html,23,html,b82ad12b,realmabg,2025-10-02,19:39:08,-07:00,2025-10-02T19:39:08-07:00,0,0
contact/index.html,24,html,0164aadb,realmabg,2025-10-11,21:46:15,-07:00,2025-10-11T21:46:15-07:00,2,29
contact/index.html,25,html,5b71bf6f,realmabg,2025-10-02,19:50:11,-07:00,2025-10-02T19:50:11-07:00,2,39
contact/index.html,26,html,b82ad12b,realmabg,2025-10-02,19:39:08,-07:00,2025-10-02T19:39:08-07:00,0,0
contact/index.html,27,html,0164aadb,realmabg,2025-10-11,21:46:15,-07:00,2025-10-11T21:46:15-07:00,2,26
contact/index.html,28,html,5b71bf6f,realmabg,2025-10-02,19:50:11,-07:00,2025-10-02T19:50:11-07:00,2,28
contact/index.html,29,html,b82ad12b,realmabg,2025-10-02,19:39:08,-07:00,2025-10-02T19:39:08-07:00,2,0
contact/index.html,30,html,b82ad12b,realmabg,2025-10-02,19:39:08,-07:00,2025-10-02T19:39:08-07:00,0,0
contact/index.html,31,html,0164aadb,realmabg,2025-10-11,21:46:15,-07:00,2025-10-11T21:46:15-07:00,2,26
contact/index.html,32,html,5b71bf6f,realmabg,2025-10-02,19:50:11,-07:00,2025-10-02T19:50:11-07:00,2,39
contact/index.html,33,html,b82ad12b,realmabg,2025-10-02,19:39:08,-07:00,2025-10-02T19:39:08-07:00,0,0
contact/index.html,34,html,b82ad12b,realmabg,2025-10-02,19:39:08,-07:00,2025-10-02T19:39:08-07:00,4,19
contact/index.html,35,html,b82ad12b,realmabg,2025-10-02,19:39:08,-07:00,2025-10-02T19:39:08-07:00,0,5
contact/index.html,36,html,b80df55f,realmabg,2025-10-02,18:37:34,-07:00,2025-10-02T18:37:34-07:00,0,5
contact/index.html,37,html,b80df55f,realmabg,2025-10-02,18:37:34,-07:00,2025-10-02T18:37:34-07:00,0,5
